-- phpMyAdmin SQL Dump
-- version 5.0.2
-- https://www.phpmyadmin.net/
--
-- Servidor: 127.0.0.1
-- Tiempo de generación: 23-08-2020 a las 20:39:04
-- Versión del servidor: 10.4.14-MariaDB
-- Versión de PHP: 7.3.21

SET SQL_MODE = "NO_AUTO_VALUE_ON_ZERO";
START TRANSACTION;
SET time_zone = "+00:00";


/*!40101 SET @OLD_CHARACTER_SET_CLIENT=@@CHARACTER_SET_CLIENT */;
/*!40101 SET @OLD_CHARACTER_SET_RESULTS=@@CHARACTER_SET_RESULTS */;
/*!40101 SET @OLD_COLLATION_CONNECTION=@@COLLATION_CONNECTION */;
/*!40101 SET NAMES utf8mb4 */;

--
-- Base de datos: `petclub1`
--

-- --------------------------------------------------------

--
-- Estructura de tabla para la tabla `agenda`
--

CREATE TABLE `agenda` (
  `idAgenda` bigint(20) UNSIGNED NOT NULL,
  `fecha` date NOT NULL,
  `hora` time NOT NULL
) ENGINE=InnoDB DEFAULT CHARSET=utf8mb4;

--
-- Volcado de datos para la tabla `agenda`
--

INSERT INTO `agenda` (`idAgenda`, `fecha`, `hora`) VALUES
(1, '2020-05-04', '08:00:00'),
(2, '2020-06-16', '14:00:00'),
(3, '2020-08-05', '14:00:00'),
(4, '2020-07-08', '10:00:00'),
(5, '2020-08-05', '12:00:00'),
(6, '2020-08-05', '09:00:00'),
(7, '2020-08-05', '10:00:00'),
(8, '2020-08-05', '11:00:00'),
(9, '2020-08-05', '13:00:00'),
(10, '2020-08-16', '12:00:00'),
(11, '2020-08-16', '10:00:00'),
(12, '2020-08-16', '07:00:00'),
(13, '2020-08-16', '08:00:00'),
(14, '2020-08-17', '07:00:00'),
(15, '2020-08-17', '08:00:00'),
(16, '2020-08-17', '09:00:00'),
(17, '2020-08-17', '10:00:00'),
(18, '2020-08-19', '07:00:00'),
(19, '2020-08-19', '08:00:00'),
(20, '2020-08-19', '09:00:00'),
(21, '2020-08-19', '10:00:00'),
(22, '2020-08-19', '11:00:00'),
(23, '2020-08-19', '12:00:00'),
(24, '2020-08-20', '07:00:00'),
(25, '2020-08-20', '08:00:00'),
(26, '2020-08-20', '09:00:00'),
(27, '2020-08-20', '10:00:00'),
(28, '2020-08-20', '11:00:00');

-- --------------------------------------------------------

--
-- Estructura de tabla para la tabla `agendaveterinario`
--

CREATE TABLE `agendaveterinario` (
  `idAgendaVeterinario` bigint(20) UNSIGNED NOT NULL,
  `idVeterinario` bigint(20) UNSIGNED NOT NULL,
  `idAgenda` bigint(20) UNSIGNED NOT NULL
) ENGINE=InnoDB DEFAULT CHARSET=utf8mb4;

--
-- Volcado de datos para la tabla `agendaveterinario`
--

INSERT INTO `agendaveterinario` (`idAgendaVeterinario`, `idVeterinario`, `idAgenda`) VALUES
(1, 1, 1),
(2, 1, 2),
(3, 1, 3),
(4, 1, 4),
(5, 1, 5),
(6, 2, 6),
(8, 1, 7),
(9, 1, 6),
(10, 1, 8),
(11, 1, 9),
(12, 1, 10),
(13, 1, 11),
(14, 2, 12),
(15, 2, 13),
(16, 2, 14),
(17, 2, 15),
(18, 2, 16),
(19, 2, 17),
(20, 2, 18),
(21, 2, 19),
(22, 2, 20),
(23, 2, 21),
(24, 2, 22),
(25, 2, 23),
(26, 2, 24),
(27, 2, 25),
(28, 2, 26),
(29, 2, 27),
(30, 2, 28);

-- --------------------------------------------------------

--
-- Estructura de tabla para la tabla `cita`
--

CREATE TABLE `cita` (
  `idCita` bigint(20) UNSIGNED NOT NULL,
  `idMascota` bigint(20) UNSIGNED NOT NULL,
  `idHistorial` bigint(20) UNSIGNED DEFAULT NULL,
  `estado` varchar(100) NOT NULL,
  `idAgendaVeterinario` bigint(20) UNSIGNED DEFAULT NULL
) ENGINE=InnoDB DEFAULT CHARSET=utf8mb4;

--
-- Volcado de datos para la tabla `cita`
--

INSERT INTO `cita` (`idCita`, `idMascota`, `idHistorial`, `estado`, `idAgendaVeterinario`) VALUES
(1, 1, 1, 'asistió', 1),
(2, 1, 2, 'asistió', 2),
(3, 3, 4, 'asitió', 4),
(4, 3, 5, 'asitió', 5);

-- --------------------------------------------------------

--
-- Estructura de tabla para la tabla `cliente`
--

CREATE TABLE `cliente` (
  `idCliente` bigint(20) UNSIGNED NOT NULL,
  `FK_idUsuario` bigint(20) UNSIGNED NOT NULL
) ENGINE=InnoDB DEFAULT CHARSET=utf8mb4;

--
-- Volcado de datos para la tabla `cliente`
--

INSERT INTO `cliente` (`idCliente`, `FK_idUsuario`) VALUES
(2, 4);

-- --------------------------------------------------------

--
-- Estructura de tabla para la tabla `direccion`
--

CREATE TABLE `direccion` (
  `codigoPostal` int(11) NOT NULL,
  `FK_idUsuario` bigint(20) UNSIGNED NOT NULL,
  `pais` varchar(100) NOT NULL,
  `departamento` varchar(100) NOT NULL,
  `ciudad` varchar(100) NOT NULL,
  `direccion` varchar(100) NOT NULL
) ENGINE=InnoDB DEFAULT CHARSET=utf8mb4;

-- --------------------------------------------------------

--
-- Estructura de tabla para la tabla `historialclinico`
--

CREATE TABLE `historialclinico` (
  `idHistorial` bigint(20) UNSIGNED NOT NULL,
  `temperatura` varchar(100) NOT NULL,
  `pulso` varchar(100) NOT NULL,
  `diagnosticoFinal` varchar(100) NOT NULL,
  `tratamiento` varchar(100) NOT NULL,
  `prueba` varchar(100) NOT NULL,
  `peso` varchar(100) NOT NULL
) ENGINE=InnoDB DEFAULT CHARSET=utf8mb4;

--
-- Volcado de datos para la tabla `historialclinico`
--

INSERT INTO `historialclinico` (`idHistorial`, `temperatura`, `pulso`, `diagnosticoFinal`, `tratamiento`, `prueba`, `peso`) VALUES
(1, '38', '120', 'sano', 'vitaminas', 'No', '12'),
(2, '39', '140', 'deshidratada', 'suplemento', 'No aplica', '13'),
(4, '38', '200', 'Sano', 'Vitaminas', 'No aplica', '4'),
(5, '38.5', '200', 'Sano', 'Dieta', 'No aplica', '4.2'),
(8, '30', '120', 'sano', 'vitaminas', 'sangre', '10');

-- --------------------------------------------------------

--
-- Estructura de tabla para la tabla `mascota`
--

CREATE TABLE `mascota` (
  `idMascota` bigint(20) UNSIGNED NOT NULL,
  `FK_idCliente` bigint(20) UNSIGNED NOT NULL,
  `nombre` varchar(100) NOT NULL,
  `fechaNacimiento` date NOT NULL,
  `categoria` varchar(100) NOT NULL,
  `raza` varchar(100) NOT NULL,
  `imagen` text NOT NULL
) ENGINE=InnoDB DEFAULT CHARSET=utf8mb4;

--
-- Volcado de datos para la tabla `mascota`
--

INSERT INTO `mascota` (`idMascota`, `FK_idCliente`, `nombre`, `fechaNacimiento`, `categoria`, `raza`, `imagen`) VALUES
(1, 2, 'sasha', '2018-12-19', 'perro', 'poodle', '/9j/4AAQSkZJRgABAQEASABIAAD/2wBDAAYEBQYFBAYGBQYHBwYIChAKCgkJChQODwwQFxQYGBcUFhYaHSUfGhsjHBYWICwgIyYnKSopGR8tMC0oMCUoKSj/2wBDAQcHBwoIChMKChMoGhYaKCgoKCgoKCgoKCgoKCgoKCgoKCgoKCgoKCgoKCgoKCgoKCgoKCgoKCgoKCgoKCgoKCj/wgARCAIKAaYDASIAAhEBAxEB/8QAGwAAAgMBAQEAAAAAAAAAAAAAAAECAwQFBgf/xAAYAQEBAQEBAAAAAAAAAAAAAAABAAIDBP/aAAwDAQACEAMQAAAB+jCfTo5QmYADIBUE1rqApbRTEUDKQ1QBQBTnWwsdbMSUUomO0NUAUDVAFCCmDoBgSjKyNMy651yhGujEU5IMycCzOKVoTHSB0JlAFMThknnMFYqrJR1oAliKYimmqJEzMXIMQjYrVaa1sYUMKYAAirGkcytx10BlpDUNohgEmDICQCgCgCiUWFhEObjGmroU029bysbzDLF0EU9K90KtU8d1m8izDiQdIDXQB0DAAjQ01cRUAKwAlGcTEWJ22iGBQhySbzzipuqlZB2oRzlOFMMN6omVlZQV0qN5UdSS2HP24VyLjLhvu38meju387Z3zaoy1AFOalnACsKE4vQHGRAoDpjAcWoQ0oBQ06ACm4s5NxKMcc2dzoVHPdsYxyzMzG2m2M6O/wCc7fTN0YrY65SnwVvqeXzsPobpu7Y1Q3nQ6Hu0TpuczlXPPMTjAMdRQOxScQk1QBIAADpJpgCRgDEQ89mcM9ao47jUGNTqIir60WirXi0T7/n+9usiLdXY8iRu5fTsTjrqOlECua45LsG7Ri0bNkoPpmZCbMESasgGjmRkTWM11AIYSCKmrEFOLsAtAV1DO83Ijnvz8tRk7RoAKuNkTWudWneOZ6Hi6NPTWB6pee79Bnm+g8z7Vee91LrFm1cXLn2UQ5XR1cu/WOjdzdmzbbn0dZgtU5RlnmAWREXQItsBZSjLPJDUEJwdIE9DNLnYoTzaeTGuTKmdNWXVDNMZyjEtGnHbrNyjNpkSCCnXI61NLr0mLLztVcZ3c2uvPZlnq598bNOS3eehr5G7qbSEus3F0xMGmqAKExXKDMyIsyRE6VN2a1iwacXn2t/K7ALHHmVZoz6s6GTiUbSgtyJtMwV8qbmssz1pfksmVehRpV28pNMOXys9Ozs4HULZfzrE6t3Ns0drZyOl3LxPYMKAABCMRaYnQAACqHO08vnrNlMXDpT6rxvcc7uR2/OazZHl87O/T6fF99u7dzunZuy34CvWdmrCvm10X5vnaPeWea3R1c/L59dh8i5tfL63A59NmzDfWq+jXFl/K6CdTfzOh1zvszaOxIEjEQhESAtAFAFOEq6xc7dzeG8PK6eDhvJ2PO7dHqOQZ98/Oc7rc51z/WZNG+evrc3q897OfLLjVlubWL5u7h7yefqyejibsParTV0Th2q06bstNFWkbNPL6g3uVrmlT0RHsc3sdLTepejAxUJxhDKkBIMpDKVdsa53D9H5/wA/TJz758tceF2FvY83qLXPx/QXca+zQwxLTSPOy9CnOoaLLEx37EmHmehp0eP6HaqrG9VuXHi6OKcZrxG9UsvRrfG2mzpuo16N+s098uSe8iapJqAYrAEYUAqaCquZ2MudeRwer53n6ebn2ttZ9jjrlTuI5lWU51OvFZnWiZHeISz3DdBUDts5+5CcYayV788ZuP1+Ot+cnnpw7O9jtO7B1y19PP1OvO7VXb25pNMxhhA7MSRdIyU6ADmRkTWpR11YnSjInNi6eAnl0x4mfmdXnct0V6rB4/TtwIq+b0dGqeSoulGFgy057W2qqDnRBSQ53RVebXTnbyOy/Vk6F/WZam+uG0QAM0BybUqQBuM65LIA5gFRhKOuoBaAGWLTgzOFV/Khmpzct68jhm53l/ZeE7c9uzzMe3LvYOT6jOur1cGjh26UsuoqepwNadCNetNGaGbRsonnayWHVOvfy9TdSee/qNxcNColXOzMiyBFpAK3EiSRAgtAFCdc0Y7sXKr0YDM69lON035byfm/QZE+f5/dYu2PMezOxmqs6NfPXPlZXnUNOa1nTpz6E4RTq+coqrfpw6x6O/m69Z7Gnm7+pYBqECElIgaIAVDVAKmgoAkQMUX05MufXn5WbFr52HLv5UDXUjntXRZYayVykgrqqspmYas+uscdkqNVmnk5I7PmNuETbj3Fdrq1pdux6019DnbumdkZHTEAbtsCEEgFMaBAKgSgFE4zOapvqM5KdNPLpnzbaMvOy7+djXJl1c01eg8bSv0Kjims+gz8Ar0tXASdzl83kGuriw9Ia+1Rus58uqdc3oLblz7YDnVrzbtE9ma7ZulXLrzUk7oxEgFAFSTASkqSkliNKTrLNlU684qhKXPWXPvy5eXDZn57y8rqUTx6enTnRg62Rs+LsW1xrdMaS0ySvpw3OefvnLWcV2plyteiA6rMfQSvRdLRGSlq1WVW9ZtEsi5YnABUgYJSVKMoqIFSkqjGUMkKb8nIy5Ni565WHoYMb1le3ecUOthy1nUg5w2K9seXv4B5VfQyz09fF3uddd1ms006MQ9EqnWc28yenpz69Zc1LZfOE+mmJOpNSsuTMcgCBhImVCNkHUVJa6ICqoo55K5maGTdhzc3F3FjXMVmA10MesjRCdjnmzN88erpYMb6eJXOS6vZoo28nWmjJl2NmljWddy7Ht1luiLb9GW7Wbp57uupEZa07K5mbBPHEApgEAMQlB2k07SlFaKLaOJcVWQs90M1Fe/hZcuLqZufTZOnp7xn0a+bC0Y99LP0o6McdjLl366xxY+pzarto6c8jpQm1uaxVr0V7dZptUdVt2bRtlKEumpOLKcq2YsIAOUSZKJQIUAlJxrNk0c7jX9DjdtK6rqTJzehws60eeVmN+hz4YRuzZ+ePoOhn3757bM1/TEXYRTXprmjHt5udEs1xqiq+0s1tmts/Qrv0LMydN9dvZbT0uSdNqQAwAChMpAUhqY13Uhl53UxcnldfCZepg25k4lnWlzfPnShjWLD2KJybsHT1jTrpybx3rKtO8OM69Bh1cwbOH0POY6Pbh1Y3v6HE6es7lm2pOnTm1Vbce0dOiu3vxY3UGy6jTpgAhqgEoCpuNkKi+oxmw9DPz6c+dnJy918zqpnuq0hjx7qeesUbzOsuLo1VPoeY9DvF3Rz2azodE94XA6vGNY1LRy616bLohDY9BMq1X0acK7LMuqtWmq7txk0EIHoMJAAECgiQQznUwsgKxTRfXjXM4nXXHXD9Fz726dksrmFFd3PWPRZyhjdRry58HS1JyejTy957fR8ni0drkatONw0XaipsG15dbrNenPJq85J1PVlv3dC3Jb1zoKpTNwcyIlSIkWqwzyqjbW9EAoBShOCwjJc84s26vmcTD0+fz36yohrM43YCy1XWc94d1brK6rMu/LqfXn4DpPToutotxrZdyds9Ki2iNGrnaW0KqezDbk2a09MNXRlbGeiTiNJxkRIcMCpoAEEoYyUwIKwigvrxnNh7GPm8/JmWN+gahrNGeyzOoXZHS0ZIkRcp6HPedzz6O9zUo1k8atoqtlyjtaWmct4g2bedrerrp2qxE5zosU7mMDIASJCwAeqApyggtKizMqWa6utYrqMOos/K7l+by3VjmNX6ebz867efn1FZkunnWqEDWbp6eY2mo6msczcsg7c+i2uPu06JlDNt0ZIa+h3smjRLWaJWqoKUbSTcokUmFAFSEUxFMFQDqurSpwVdCjnc7TMB8/fQYp14rgu5Xb5PPpl1c551uy1SqzBq5Bd23Lp0VQ1DrhdfnadXU0Is6sqlqz9WejRZKqXTlNIBgUJRdIaejAoApgUAqYAAykNUDUoBgCiUSpZNMcnOydHFx1i3w1ZMKvjHL1cnSboq7m1cHX1W98Uu41mpzjaQ0oMgGqAdAACaUAoAoAoJAE2880NWQChMqMLYO4ga6IHQmUmFEZIsUd8c3E0dKY82/YaFap3MGZxEYyUiq42xd1jNdEMpMKAKTChNUDKACYiLXGzPKJJAhqhOLEBa6gJ0wCExkNUAUNqhpgAUWVsLBM5IZCTVKItdExvRAEAMNFAFAihoppqgCv/xAAsEAACAgIBAwMEAQUBAQAAAAABAgADERIhBBMxECJAIDAyQRQFIzNCUBVg/9oACAEBAAEFAv8Apn/qn42PnH/4kfRmZmZtMzMz9I+k/wDEaEmZhgMzGeVMXOMAmbTabRT8Q/bxMfSTC02m02mZmZAmYtRsiqEEs4heCybwPFfP/DJhMMzM+hbELQHMqp+jqBms27AWRScK+SmYPpHzGaFoTM8tMzMJ9OkdRZ9BnUdOwvyOnFIfq2poWueIWz9I+XY/pmMYvEdpn1adKfeGMzMziYllBYX9ObxUi01Z9czaKw+3j4GY5h8vMz95hnmDAgjGUf5B64mTgYCgsRgzHoTGsimCKZn5TxofOcH6cewCDiweu2I7dyDZJ0x9saND4DRWEEVoPksYxjQzXnEImMQxfI5hWN+Q9bH4stdR0l/ft0ZB3lm6mFhLbgldezTWI2IDA8Bgg9R8ImOZ5hhmRnhlLTyDFlfn9WLwnVLj+RtGBaYxHXM2/jdSOQQIa1lgRY1ncO4EN0rORnEXmLFMHqPsj7LmO2Yk/wBjNMwLgaiMPVZ59NRFGsPr1Cbj+muwpJl1wRWc3QrrFjKBFMHMEUxTFP3B9h3xHacTOAIYbpuTA5geCE8iMcQHPpmZm0PgLyzas3UexVaxsNh0xSFeHYSuZ1ivtOYrERXgPwmMtjGDkz9XPgbZPIgE/wBs+2KYPMJm0zFEJhMYZgXA/QPLHB3zLGGqspnEVor87QPEbMHwXMZuXE2w2Mi+zVtWJJIikarmIRl14UgnAhhM5mYuMEzb0BnE3EyGl2Za5w5ZjV+KTdYG9ani/AYywx2mRm5sGp9hfVmbancmFsSuwk5zEsypX3fp/KnE8gnlnhuGVcmfoHEZ8TdWNlprsvbMCOAjgWj8h+OYp4XmJkReYkU/fsMsMsODY2sduaffTlgttwadyW3yq3UrZAdpU/BaWzPtB5zx1NhQ1lnrHVGtx12G/kKVstxHvAVLu7RU5PUWLtHWIzELvEOIqhgNga3JlcWLB90yyWfifFnlWVnRh2KirL1aLm3y3hSRYhYTpbNxWdCW9hcTPK+WbEtZWnUdQq1tbtS75HT2vsXJGuZ0leWi25QEQCLCBhTqYBKicoYg+80sjtG2JdC57ZD9E8RGWXOSHGEWnuN/52wXo7VlFGhAxMmEQNtFHLnnqZclmWUgqm06anE047RlAwmq4xq9YRYLDmv8RFwRriKMisSrwvj7rS0cWeWfWdzLWKTOlXW62a5brOX6bpS0FXATEZIR7SI8qXEHjUM3ZUzsJi/pUYDpzmuoAa5naaFcDzDusN2kZ3dOnDmAFRnDCJK151xB9+wZlhw1p3ORUl14JQ73Llwy4RqM20U6zCz9CP8AiRNZjEAgqExrGg82VctURFryShjbQ+XUqNMMzvOnIxvwfP6r5aoTHwHHt7Il1IVmZp2cxaio6fLrqGgrXbWETMLYmS0xNYfCkQtM5KErAMjHLYxjEzGlgE/IW1gqatpW71yu/MzpK/dFr0FXwmXEtXeN05E7JadrFdCHt2nErTUNbiAgx+IXyVPGcAuNByBLSCMQcyscWjBUTAw1QMwwPUJrZXHiYC9TkxYle4oTB8xBj4hGRqBLIngEGx/DY9G7jRlslZBp3zCRnkRATGXEHIqU1itvTiHiYhWdVWpjISuG2mNp/FyKFYSuuAD4B+oy1Z/r4AUNLa/ci4hmZe6rEuH8gLuzWiuJ1QLs3cKeORGxjJMKtKuZgzaMuwVTGrxAvKidPFHwj9dhnlbJxG59LLNY7MQb8Ohya+osrnU9WTKrDt0x2UMTA5y49vRWYPcEPDUfkQIfyMeawRfbEaA/BP1MY5ivrLPxYtCYI3MNc65DXbsSHsYBCWPRUdwBChRiW8sXyP8AYEiVspm2AbwIHaJzL21CWbRT7gYpifHeMYZW+y3DDFYFgWMJ/UaO6pQrDWHlHTln6enIWmaQVtM5CKIFVhrtLkOcagZdtgi39R3bEPCkxDEMQ/GYxjGjxOIyywYGz5UnDGGP0wsh6UrKq8SkAR1nDTJQucwHEDYgdVDPvK1M6i3tL3WtOuCsUxYpiGL8VoYRGWWPifyWWV3dxNtT3AYMmYgXA/eOMTbjaE5niW8RPdGT3ALLrtBZlnXhhzFEESCJE+K0MMeOuZYkXKRGwFxsME+JYSFb2geGn6KzXWdwbNy7lKQetUm2yxiqe6//ACV+6ARJjEWLFlfxWhmIVjLGWWYrGGc7ssp6gg1jea82icS38iMqlmY1gjgKbOvmxsmuAF9y/wCa9P7iDnHsAzE8KIIsSD4I9Whh9HMZtQRsdcx1VBc2ZVfbW1PXOBZ/UAT/ADjLP6msq/qPN3W+5rTdU+QiVxF9or4T8rhGOyVKCaBsnai5EUxRAIIp+IfQiER1jrmaCHy3vZ1gSOvH+zLO1FXWayhdIy7CquCqcrKxiWLq61YnT/ljW0czTMCQCCCL8Q+mYcRo08Rpxi1cJUvJHNicqs7eJYmAq7VsMVKuQoicS0ReQBK/x0h/BHwUbMABmPVfjGO8LtLbCIluz24AqG1dyZlS+1Uj1cVpzYnNtcZNSH1IbtGt0eBPRPzbgq2r8CaiyGoiAMIhgmIIPimPNIUxLVzPxJHcesaiwYSr8sDAIlh1O+z+1oy7G+maZnb5qsILcnTE8s4w9bYX9u51S1tkfPqIPpH3j6GYgEvOI07HcZU0j24lbb09N/lHtjryPOmJvgVW4KurKyRBkFMgEEVmNrv1SZgciBvcvjUGaiBoOYPqH2T9J+m4Ela45AD6hbFZyxC10AA52P6x7v8AWxOO37gkIgzByrrqam9hJ2d4zZNYKsPbFaONogMEzAfpH3jMwRjD4YzlzYVSWWrA5sNfTtDVqQvLeMZVeQBkFeSk0jLyss5jHWFuWUxllIBFowE8qMwAzHoPrz9xoYjQwzGSRxcNylIYkVoVErQa4Cqx3Kud05msZYJiFZryV5sXaKh3Ue3xKz/f6k4dJXBCJtF+1mZ+sxjGMo/KaxuI/gJ736lROWNbKKz1IWP1cF27qxDo2GU8eZiATEIhEKifvIjQZjnefpMxYxwPMX4Rjx5SwDwmBSS7BZ1V5YKrKxJwvJxXZBWQ3ItXDKq+g8ehhjHhnyDYAAwsijUquD+LBRAizgSw5iRZj4LRpYJnDVXbAtLbyse2yw01ayysyukiGrMZe21LszWViKP7VJ2gHCrB6GWNiWnFfVP26Us9u4Erf3K2sbDKnECy/wAVeF4i+uPvsIZZDiVggt4NO0ZFEQRl2fOIG4sTMCneqzZKxmvpy1TqwaD0Poxw9lolhNzBMRVzFyr7ZIXlfRuT4KxfhGER1zChEXgg5hmmYFjLGWazy2k5pai8ZKqQnpmEwzqXM8qqcCuCuawp714IjGZ54MET4RhhlhOLLmz01nvhPu/TQzjYLD+QXcBCHrcargxyAoYGGO+JYcknJ8elZmnuHnGW0JbULPLRIvwjD6WtiGw7Ptnpz3KVXkxuIW/t9OpMuYQtsyZ7pHvvqZp0nUNWXtZ4j4Pd9vVdVmJtZEWMDtxmVMYTymIXAlrHUGCJFMzM/fzMwwjhkLMKVU2MJ0TgT9WNPcSFILnCu3FGGlmayvjUOLulLjd+na7qMLTbdjXK1JK15xAIsUZmk7YEXmXfkp9Fg+ziY+wfQngtzaNzeHxVbrav4OIBwxwrnJ1zO3q1me2wMyRK3aXBXnXV629P7uloYAWb1mp9lUZIXEcYiOJ3JnMJIGcmARYIPh4nbEZZcJV05N0fOP8AQNkYgEoHufMX2lDsasq9i4XqlVeo6VML24HxNip357mydzY+Iongt+K/kIogH1YmPu49H4nf5c5gL90TWWOazwp4x/qnFnDzqKSJWuVGAeuJaX431CxATFRSNRh0MAKjmAe0nEUR0gTlUgH0BZj6cfXiYmPQzPpbUGl/S2bUm0EeOcIcvfXtEBELamr3MRz0+crYtYsbEc7OMNHXtvjhvDPNsVowsi14nbzNQs5zYeFEAmIBMTHpn4PEHgy33C/pWeum22id6tp7REfjYWS0VordWFVeo7rbkLQqua07kXgAkzqBlunIxnWcRwBOyYgOA2IzgRrQIgLRUgHxMzM4MMs6sVEWBwDkhcC+kGdk4NZlncWDqMB9rD28HSWuqV1W6puBW20oaDGq6JGuDGuzhyuURI6exaoFGEo5WvE1mJiYmPgkTEMLxtWNVqx7FUN1C4puqcDwQJfgSvSNSjxlpMsIyVEUbFHVo2MsfcznFl2TRRsO1pAgMRhL+qRJVd3JWMwfWfhFQY1IM7E/jCHpcz/z68n+m15qqNU8C/zZgKKrWGhzTWHHbzUjOlzau2+gGjxunZ5d/Tep2qXqBEbavDNO08/hI0SpE9czMzMzMz8jPo352vMR6do4/t11+3isdJamP44NtveQjuWNWpiZ9cf8YjMaiGtwx/J+VU6x6uCjd3+SFSq7vJXQYteJrMTHxsTH14+49KwS7ZXRyR2CTX01aHEx9ePmH7mJqPoH2T/95//EACARAAICAwEBAQEBAQAAAAAAAAABEBECEiAwMSFAMlH/2gAIAQMBAT8BMpXg1ZqLHxcY8aix62NumyxZdUJedFC5cJTfS5eRsJ31diRqalTk4x5S7SKioaKhZ2Xw1Ciz73RXKnJ/hiWPiobhS2WJ+bP8lrtwlLjHwfH38KE4fi0aiUIYpuK6WIyivJFGQocKbUr2UZFShTl+mMLl+OMOH1QoXsmJjc0Vw5QpctxZk4TFyix5RcPiyzbvJTjylGcIUNRXbRU0a9JxqPE1FDlL+O5suVwxPxyYuLNSmUUxKHD9csRKF4N/wvlMuLhrxY3xi5cIvlUUOPhQ5UZc4rpRZ9GWWWKL7eJqUVxRlCKEikObFyi/GxDFRcIy5xRQ1LGJl9ZMQj7KLGNDhKLLhQ4XTVmri0fZ+jmrF3ojWKKNmJ3w4XT87LiptGxtYmV1QpfTTm3LVmhqUUXRaZVmp+R9KoqLjZI3Ni/Oh/ghRQpuKQzU1ZTFj3fNGp+Div8AgnQ80bIvyseXGL8LMnwsvGh8YrxyXGK8v//EACIRAAICAwADAAMBAQAAAAAAAAABEBECIDASITEDQEFQUf/aAAgBAgEBPwHtXNdL7rrY8jzLL/SuGzyLGz6JUM8hMx/RbG4uMPkvEWIi+7L1w28hPtkx64lli9w3UJiYueT2Wi9DyH7hRjlyZkIYorg2KLMXxzZZiMo8Yc+LKKHrjxyjGEehjjExVGVQ9cFx/IoUXr8FkN7IS4tWPD/gsRxeq0cUYoXNjMoSKKPmtRjiV0yYxx+MoaHun1bLGoToWRlkOFLc4vm4YnrRW+PJj1WRaLLGy9ULm4fBbrlkMctFRUJ6qFyuGeMf2WWKPpYpUPg5cVZ8EUUUMRUKMZorZihljZYpoeijHixiGVOJ80yZ5CcoXJnw+w0UIsUNxRUMQuNDPYvQz6N0KV6G9FGK2vXKP6PXEeiEUJcrGxlw59fSxyoxRXKhqas9o8qPI9lnzTxEJUWXzeJ4s8WUzKLlKzwPEWLFh+i0PFiRQjwsSrrei2eJ4CxSHpf+L//EADQQAAIBAwEHAwMDBAEFAAAAAAABEQIhMRASICJAQVFhAzJxUIGRIzBSE0KhseEzYnCA8P/aAAgBAQAGPwL/ANJLfU7Mvgin6nNW5bKMltLfTIq+29Xs4kU5OG1Cyyyl9zP0tr/e5nSU48lOxTT5bKaKFZfTV53eFSyfU4I6TKKcP4+mPSn53YpVsiqoqlr/ABuWGedM/QL7saJ+dzguyrYXqU1eGf0KHwJbXtucN0cU0/J7kZRVVDcGPo8kk9TrItinPce27diFpR6sW6/BKxpjRpLg/wBly06WwW53MIzYyZ3p3WKj1OllpLZNVqcw+opwe37njS3OyYLnXdhfsf8Ab3J6n9T18LFI/wCQpJ2mi/50tpkvzEaR1LFvwX18b99/oeS0F8l2uaSEJR/wXZK0uQyJIein9uz0mklZI6o6aWM6X5TuKvpMEddLFjyZLFyVpBBbSOh5LbmRFpucZs1P+4b+zXbTBe+nglcpKHTV7ar/AHKNos2/kfBDK746F2bU/k/T/BMnkfZki76edPUqlwv9kNs43dqcnugZwjTgpnoN1Nx2NqnBNVMssi40sl8F+UueMFU5RwvqTTV9mY/DIpwZue/ZklVcCX/1ycQKHbS5GnwTUrdh+n6Voz8j9N007WVVNymn+IlNpGncuN9FkqfYzYSTll7l9FP53LotyMUqR0xFRI6OklXYeyNvqf3H/JE1VUdh/OlnudC+TD+EXIpWuSunuNTdji3hjcF9YfK2LkkJkvGCBippxSKpVxJ7jOlzxrCOLppEHBTSREaW1iS/tEkNNcRdMuLsSRpbkWQiyLpr4KYqb0apJOp5/ak4kSiVrkubVL+UJuxDaglK/UgsJcmyobmDMoe2iaSapSRZlluY3fBbBFRHQ86RuOOmtSp/JxJ20XWdEx8lJ7fgutYqNihW8F86XcFnOliSxfScPsOSxYXbXhqZmRMnTweNcERzOPvuZZhmy6XtIjqQ3fSO+j6FUQXyi5YuWOgpPgRGk+mewvzK0dx6wkcddNL7ZYnT7UenV/JwRVZnjvBZ6Si4oNr8lzhOpYaeRD55G0i1y5COq+w15LGy0tjJiX3NqS3u/wBnSS6HtDoq6DpWKSaSKZLmPoMkzYsX1qwJ0uxxVMwKKLo8i/qK/wDIlEdBVTeNFOSKWRll2SeS/wBAhblsoh2MuwswbPQv7hySQi5CtonSz7aTUWwW57wSIv8A4MRrgf6f4Pa0IlfdaqpYPOuzTpb3F9Lc7fRwXO9J1LnndtpfS2TiLli2SW9L/QbF9yFl78Hg4qoOGkiYXgjcvz3fSTawtOKzL9N1kOw0bUmzSvucTF5ejJLE6X5+atJqLHDUcVI+FmBWvpbI9nebpyja0qpPJf6AzxotyRikqnqLWNNte15Gv7WVN9DaXUlfQmTrJGvkmBVLGnjRDpIfQq8i8c9bVISGfA9UUCF3GmhJXR2ekMgk8PS2t+fntq0SQyxSfBfJOq2tJ1iosMumXRbntlD7G2SOcE9C+NKlOS5Bw65uX0XcUlnOmOdRdkIcv57i2VCNinoSRggxpjXyedPBDPuLtB8lzrpZvnO5fGlrlj3JnjTySeUX3o1mlklyxbTPPbKtA6ZSLO3gipy/P7c6PsQxyJeC30C+Br01c44O0CjBOSMSJRPk8ftQM2kJ9i5Zl+cubNH+Bt5MIv2IprKkLuhP9iSSdLng8c9Ygf8AIgu9LC2y/wCRfsfJHVmyxXMytLF9Ml+auRTo9J0fwYXkdI+xaz3bjqfQdVWl1okSvoNt2Vg8E78P6DYsQ9yNW3oxruJdiVu3IF21T0nnpm+txsl9SOmiH2OF3NirJ4M6cJLbEtI6otrnSebilDp67nF7ThsMs7kiaPJ57mz6rOGB1NxT2E++rZOt+dmlnQUi0kkuyB9+xTOYP039iyIaOOhfJFFTfyLuhJ4JpweSCHhljitz1kYKW1adyosWKu5U2Ot4IwbLG2T36lVyZIeCwi+njncEI6ClffXZ3I6nybavBPUTYqKTjVjhbOJk6cOCThyKSxcl45yaWkd9Yd9MWLRA2sFSGn7S7lm03kTIrViOmiWksjXvpHM31gbpdxU+rMeTJKOJo8E1NlqX+DrT8iy0V2KnXbYxp4J6EUp1HtPaR36M2qI+wpL6d2X5jOnEmSiNLFjLLOwlTSza9X7Ih4IsRS1Yursc5PbYajRxKGpKS6ycFMaTXnneK5CUHETt/aSaHxfO4nVlE7TEnWJen6qfiDas6V+SaZZdimo7FsEJuTihkO5NS0uzxzuTLPczuTTZkbTfzpg6KovVbxY9zcFShbS6iqopu2cajwbXbqsimCep+m4Nr0aqPg/V9FrzSy6qVS8aYsL+opLL6HCLnwfBWmvJ2Y6ekyJsqmjqLovpmRSrEaQyci2v8HDVj+WT/p1fgmpR4+nTGklkTglUqe//AI7/AP/EACoQAQACAgIBAwQCAwEBAQAAAAEAESExQVFhECBxMIGRoUCxwdHw8eFQ/9oACAEBAAE/IfQ9z7bl/TH2L/CPoD3P8G5cuX/DPoh9i/TqV6K+oEqVKifSIep/hntfpEPY/RYQixfQ/il9CY5QEesZJG5cX+CHtP4dy4sYZ2I3wxMBjFEq4+Y86/YJaDLlxYvtqV6Pq+wg+kHqV7K/Ru8y1blo4eixmISG9V3hUKIszvXEpNzJUMp5vSXL9gQPV9CPufokPYkcevqNIWnUISzx5gYrLDh6miMYrecQErIl+2SO6HLBo17hwxF3L9b9p9X2Ho/RIexaJe49LyTijomJN515itTD0XCe/RYsc+m+eax1GrbfNfqLbfYvxMEnYnl+EvVxDWZfiBe4HvP8E9bxLHGouIjufph2Zc4mkF3MXmU6gFYbOFzwpfqJNjLTjKZY5jleflf2l9e8OQPt/qB2p328sW7Ys+IdpU3cViXCX7X0D0V9a4+joi47mUv0HM4cyhm4SlmXEdX7THj0S5fzKNixS1FfQLItMtZLitEeaYRZgZY4l+1WZauKbhaXL9WMD2P1maTaL0F4ik3BqXbCtG9R1n49NJcuNWoxU0Lo5JzyA2fpAKXf3ixEXyl0uamKOJhnnFTnJEPPpcPRhD2PuqV7l9G2L8TeZHn4m1DEshRlm9zR8xtvKUF68S47iMyVHEzimvwSvq4XDX+ZhjlbBa85P9QKrRxzAMWPCOgn3g8v5IePBTuQeZ4s0FxANeg79IPsPYnvm9JjBcAB5zBG/Zi3jUvZK0lZqHmY2Rz5nEzOCNNmrFeag2H8uMyDXo6gAAAcEE00zAA2rLluIBLWorYTqoJeCPSAxcPTfacRjbS0Cg0iMtz71x+ifV1KY8d3VRboZf6i4lhfyLl8bM5JqWkDiL4dzX+JpLwDUS8JiZsMwMCJNGYvFxL2USmUpA+rYlBG1IJj5MpifJnZacalOcXhNBmDNKkFbUxfQSWGfYMv6h9LlCXm4q3qADrUsNkrjhWZnx8Li9+6WS2zupxJua2zAl2Ye7manMvM2Iyxb5x23TyzHXQ/aCHJ6GbizsLcH+4oOF5ca6IloCdy80EQap0jLp3cErkBThlcIQw9MH6Z76tRLANMdXXMrSxzLBPE7h4TZtfUvY2RlaOYX/gRQEiacm3zABeSK2jkhXwweU/3GzUy4hXcfYJw8Mc5PtxAkOMyMPzUDAp+Y19B7iH9/OmGIgUFc7+4GQbmdiUhkL6pcv2VSxZgMCu3fMyHjMo214v+0RrnvzKGmufDFZ5vDHRtiqJSZZUcl6ZrAkKsFXAjZUC6MfEKO7iazX3jyOuIOyPVg2XtueSWMs7IE0QBc1nZDLR/24IREZlafCYALWzEH/MJ2phkzBZriC4h2Ybh9egjsrfEd6/CdSM3UO3D3ePEz/7T5jxEJmtqvEw4X4YYnDx3F5ARa1pVfbqOA8LmZ+CZdLozGgcud6lnjM32Jcl3AOPzTDOWPEsCuJ/55hMVliYrbBrkK1Tu8zVedjUEbdR8ViK6P7Cn3qnlQ7h2rRiKAeI0/wApkIW/8lh7n6C4mCUktbl/wXKskFPEcx/NNxfqDW0cPlP/AMjU4dIR4B48x61s10fErtvWLtk7gdiE56blFNy82P8AELpdaSmhyRBTlrE8pXfmBZDwGIoWJutDCpQIClcZgJm9YP7l4jd5p5iJXGnOYGQRwX/V+ZcbXXmOa44MdQVrqVgabumWcEZUX7zyCJyL/CEZZjHJiUngxX9XWOhnLGPYQqvDCLNenx3HWwNpSRTyVNblm4Osym5UTb7IdLaLvDCaGo1GxUV1cZiWl6RtisY4rxFYmO8zzMX/AIxGl1Tk+Ieruwu15/7UBH3sU8jOOoigIKLY/wD9kmfBV39yNMXlg7UTh/8AU3VKVmY5bJiEHCyZhX86iukQAwairvviYNU+Jh1Z5iBV6Q9j9I7EmolrbO5pVLq4W/en4hN7aseJal+MJLFF1xO/ZMxCoy/caWn4ivdBSI53XCqiC+OJnwPzKrWriIdfEpt1z1K0mvcSFZUwGvtH5F4IWo30mYl1rywkeObi1AShr+sRAzC76hviDEi2XVKVImXqJoEzzMtF+81+e4UfLOXdYYALvVy1cZJnVg9p+icSh9stTkMZcMXcLdM1Ayt2Rplaoaw0jcDuZuYpOSGphWnyzMq/yQn/AOREEELyHUsiEoLrmYcD+5SGsXbs+8Rst+CL7idwdypsOYSxOrBs5Z39+ZeVDLDkjS6gANvAcsI1TSdxUCvjMttJd4f85gU6TDSDxjtjX2P0mUmCB3DFkrFwqrVLWKPAKjsAOErmbESsX3DwDt5mTNq8Qxdj7QyNX5TwiLwZlKdksdQa0wq/xAorDMy6+5Em3UFYFnEF8V5l/I8QYwDxEyDB6xBH/DMczDle3JCnqnBwwipHVFQjYJwgWzW41tyh/wBd1N3NUSzPccIex9A+jdRG2xdywDLEIUfImxgdE4Uyv0DUBU5XRMvkJoM/JAZG/tA0ygFWAeJQ44j55LqbOSBrom8UdywWeDAbiD7Uu6oHGI5NQ2ZPt3LBplVdyy3mswHbbGKFDDTzCwoYYIryWBWSWy5ZWx4DEC1eYMj7+w9a9lSvdc2Y67BQmFqY0sXUVSFMb3X9S2MB+0HOvtAsbnC7uXyEcYl1d2R6ImFGc2GpfqXiHBZXmHMF4MyAjQ5ZdVlyVNp6isLsSxJi2QCweLhjDThgWNcp1L0vAtfeFLPEJzpFc6pqEWrmUeJlmxGyChcpLy+19oexPcWQiXWY61OWMAePsjzyfuC1lPxN9v7lCirghqX8MAgCFf5mwwCrA3xLrLWWn4JTMUaYdRoVbLQIuhuVtWMCdkc4OOElHaonBYeYJpeIq3demCo61Nq8ahwOZsUYJ3GyGNN9XKwcjuUZp9oLX0j6g2TBcuo4oCph2UoAftKj3D5MShzHiN10pDM229ZxLgcphz/yTCdOd7OyoNLVYdEtFGuBMzHlNQKH7lFnzWeo5xxMbvgRVSC62J1DOq9EBgcP3MDyTMemaIb8wAIfSPqGXQw+MQUK5iYHxcI7VvMaORHwV8rHBaPVpx55bxH7JvzAlxNC8j2TKALS2SzyXdke914R/tSAp/ol1e8Y8RPhCCvZF7gNA1LOT+dfmXcM9xoAQdwl27m+ecRFU6lOJSno2e64elx9B+mqJZMi5TsCA7HEBFt8Rr2lVf8AUZyY+ckqK5dwUS0s7Oi5h332xKF2ZzFlOOiaQOtPzLNu9sVK65XmIZg3XFjWTR1FbalxBUxbwkELnuJV5lvlNhbg/Alj74+h7hly4vuYu4UqZWF4xqWGSouNFbuUNK+cS/ZZMWfxAL4UcBsRi6HBJxwdwgXTuWUWBMaizhgkApWpnEnzBa47iCiDZdJLYPzM3xC0cXFxACAzoxNiOdMHrB7j69RLpZlnEbWiL12GMbiiNnJNBhGgPuSywb7Yb9IO0+EGm7vjUADr+p5sg8H7jj9TGXR8TScCXh5SIM1cwtM8xgObpvsTbi/YRvTVntIfXXpyQIq0RyS4AlFP6lsx0VLqU6zFQijqVb9AbJ4ibNRA2RVNIUXuVqER0MXcIFQcG421s6PEub8IUHYhOfZiTaWdjEesKQx1DeSKPEqPoQ+vUEMdSztjxhoJnGF7m5faY7WIcJlmAfBMxLah8VTT5m1dZmrOpa45jkagiNKGpVgKXMIpE4jexL2z7PiGus2QNw4g65mMrZGNaMXRIbzMGbRQj6H1w9DDFy+eGLMVM63GyWGo4vEJZIwkNIMNaJlL1dstBNBWOY9Q+0zQsTM2k5YodObILeX+0RKzFU4EhZhfrFTOpK7dvSCJbGKJp6msf4hfgluZWbXEN1NQNs5ceup01UtDbFTShlmWunmA3BXcEC6/zAnwiD4DZBa05nEX4R3sGkYaiv5jb3EdNcS4eMw3C35JArF1uIfzCbzUbmLBLdflGsufilHpwR/gHq4+gzErURVODlgoLoOCFe9GX6JZV3KqkaK9wQl1sYmc5mXYlTAaCp3mHcPYbmBVh5gZ9zB14D4lneNkCRR1HOVMHYb9OqCWuYH8IZfpbGU5iWofP6lDnEUTyuCUprvMKL1BDlLbPEuXUps3xEU7cxoJbXzEqcDJHqJTc2QUc+0TtA2KWMEGNNS9vg/EDdIFFpVTkv1DyJkOY4y6hv0Hvr2vvWMYcT407dwbIUR6Ri2hcBAvd5im+OEKo2zjYzhBybqNQc3NLudWg9hYSXhvbuF1jplGskQt1OpzMczgrOcwVvMMgxBa1Em37x6L8vES8zt6NfaQJXrUr0faxm5rDcuwhOKXFruj4mCmMNy0XUHCb46jxuJdRLei2I3AYAVYMSkUqnCTTtKUIZgdguLom4XfCUp/EOBaTcSrLprU7j4YYKyoCotmnnzCw+9AKjZ6NfaPoJ7WOHobeiVCsx4ziCttx+ofEOWAOguV9KscQquHJErZb9SpbVubNlFgrfEtMGpzI3KPhmax8kCHjPMzEUdzDLHkw2oA2HMr1EV6XA1sNeIRr0hUPYfWGPMvE+8dQajAaIzl5nL/ALjEQ8NoUlZdXAi3TiUy73AfhI56vMUZ06iCDniG22YVR+It9MRp0Jm/ymYMwUAvLZAq+IZaFr8ICnEUHI4me7oy0wjEyAwbkjqDqM/WPsdTGOUdlymKhDsE+Erih1AMp92Nbt8CUeattvUQxu3nUsFjfmCnkmwKs9QY2R1ibUsMRo3KbR3lPDKq/wCZbDiA2OWEbhZHXpuGg5JuGphlY22IPwh5XDXsnqMIv2sX2MM0huOYO4841U4kqqQlLxKEUGIJE8xGrylAvSBHCUVDpyhmOpxmUQm4ZWTP4h4YxZDbL1F74Y3xP3A/TZwmw1C6Co59iUouLhgElGYg9B6Huv1Fl+5V6eTjUy8EQq5j08Zm3pyy1N4LAX35uNTFfxiYqyagWix1B5Y3iLDyRw1qAx0Y5+g8GUOOfS5WDbGtCdGncLmS69lRcDSphAPvCOYiX0I5w49D0PU+npHHDVu5iYsSwMzkJ1pfumbBH4mC+5OZzhMRFmiopdJiFobbI3GGFi8yiq161QXKXBX0jrjA97uEL2YjB+MyhtE2mXMeeJaw5hyQtJ4egiv4LKVXLAwakpIxmHYSgMxbnKib5MHg3Y8wrdzmW2siSxmMiZgDdnDLuxEMXjia07mrizNgcrL854Ru5wkpf+oN03KhcorOmcInEP3M2MQuBBum0xQ3D65leopUsgNM3AogPpAaSGDURPB+5YSxKCC+YZeIp76KQeq1LR+zuZ5eCW+GP7mcdQ3czcMawwTXDwQAM0wviEQ6iPCR8zEECiGIRcBD1fqBGH0nbKQIKrMQDcfEEs4JWZmZwgaMyoPUebRGmN3Gxme5ruEU3wty931BpM4ZYnZKUzEKjMysSk7l1MooJcWuMdzCO5RfJHqjcCVfVWh6v0yHs7XMxtKsE2urmH5llIw7w1yzbH5lbHPUKv2o2nU8xmtkIvFrU8UgC/tHasgsq6e4gpaZZ8IGV+OJd8K/eWAdsDTiK8TEWNzBtggo0hKk2UYhfEE1h9cfWY+ZZYqpK92zNxCy6LK7MeJQP6RqZmsSzWnP4nCWNEwJdXnzKE4l0CeQ/tMyAcMqMIohGT3CqbuoCbv+ok2GgYQhnMwm2UgtFxpsgJW5ZtU+JA+5kG3RLzJU3ir0Q+m5frcv6F+hh3M+Vl1Msq4kcs7hF3aHKKGo8DMUKMIL0OFwhsvmWAE6MFhx6I8RGR6aigwOGcpeI5BwQ4Z2hGiV3qoBjXci2yU+mFtCOSDcwIlR41mp2EvPpcIely5ftK9z7EM8o4gEmQPuGWLbSjFfxwLz8w8nMK0WdRtedE4x9p0CjQzD0XImAh2wuGgeiOPsoCnxEErTxwgwehmcKDYrczTphIlmXoCq8qlTZSoYzCvDTES5jn1CWQQ49i5fqerH2sSc5je5kWMEFSjKUcgH5l1p1xNhzFAfEoj9mL4VfMUOlbiHnYWbTCpUejuZ4wCZxhc6ZcBgQNgo6qYOKZlDJcnEtZKFy8QwOQjdL2lddTp1GD8x0jiU4l0ogQ9ah6Fely/oMuykxcsby+8UUF+YuZX5lQeuOEoblEy68zDVnmcooeOoNyZLmL9R9gczdwYPzL9QjWqlBQjkoH4ivMP1DUJhQ8SrbmbefiYQloXjiJpT4SwGWjDLmXHvc+Yl+ZsLIyEZqzKoS4W+kTXrX0wCYRBsmHicSX5mQEfNSgIgdmoJUI7lJgDGDRN7TkyitFVf5yy63vEpQWmbY2MtoggtU/Uxo4KlKrbuXNjrif8ARK1BAi3aNEaotRheo1KlSLuGY5QywTkfWheiSQNQi5cuXL9oy/VgxRjbAryTgc+ZYWDmEQFhgmUh4pWk/wDYlI5blDUdStY/1JbKvXJFDiwlIFuxWZy4bTmW/WouSGAYsqC1ti3Yi4jFsW5j8DkZ9+4lQqLPTTyhQaQjliNHMw59mP3FMGB7Ll/Vtj6PgD8xodwKVHkh21HxAwn7y9HUx20xNe4Tdk/6Jly2oC3124CFvaySgtLJtl4VHzDPBxQMeaiPe15cYBCq7uDIdhMYUA5R5mvnSXEccsXhLvKxGU2Q7pq4EAJSU9DFSpXpX1LIoiDglLFYADi5oH+suaXxub6K5RVirhsx3ab0ubLjeEu57/8AsfcL41C1rNMOlLzsl0XKdPtMvMZhGSzjdfaGyqObldKp3HALSOZnGpUbB1HtXHEJDX1KHggSkVAIinaXMDXbBRj+QSbSaCJ7faf+5BNP5ZmKZdw1DzGIeuzq0Qwb5ZTSz/Up6uZGWl7QsVA3uNDiYMHPiO9Q80BsDYQEqZW6Xz3HcQ9QUK+ULwdrgso55MPRToMUDsGHgX+oO19hl9FVsviGUZCX9YC/Svq36LgvwlBysrXJdyuZOnxK6hwhWTJ+UUbtx94rQeBlfbD9z7XTWE7ln0Zqo+sQghAlOpX8emUymZ9L+iIgLZlALkZgxLRzBYHUVF2eY+DKowi14f1OfnbT8I5Nz52jGkOkAYID10/iHoIr21GE+kly1TKLhiDsbxKUi3WOZkz8Ivvu1uBIe5UYT+CfxiWHRAr/APGFi/wSD77i/wAI97H+GQ9nMY/w/wD/2gAMAwEAAgADAAAAEGaPuiR4bMNPPGqrUNPNM30W+bHwzp7Vsu25zXvpVTDFI4en55FvlQQth7qaBYPO9GpZW356Czz+HhxHIPO5rUSPymtyKEU7nb+EGUPhQt33895T6V77O/8A9/5bvoPtajnvbGlWHD/okLdtGN+3/wDnDIlb8RGGYj737wxA95SgjvqL2u1oIP8AmHE4Wr1+7TwLfFMr2vNrj76k065tpm+nz3P1smGejugB1Gg3oXzEL886l+pL39PgDOO/7kH9V9v7VGkIS+Otssk9jCAyfPDbEym5j6cYvbMsmTcKL1VZJsrcKJbg7qghvZxQwt60/gNTjuZazPJBARrwRbdZqOKstX4ZuBeoVWj/ALZ8t4v63PM0u7PXCp38Zhpa6hdjJ77rz5DyrxHroJUpuoUsGazlwskPnDF/vLKGBEkv67aqZ+9atrqnPMCwd8JEdREcglGg5PRWI8WJxlXFzOeuSkvV5a8W0xIFzwawK+O6WczMNNdOHRpOmIitRR9L4TEtOrYSs4sMJJckfR7M9Q4uX6mG/wBGm9pSGl3/ACEr1KWauR/LV+dl9exLcJP6WeHv96UN9GBS/wBb2fMI/b8IhKPEEm5PKPq+qpEB+w2Mb/WPH4K80m+B/wBJ8AALmnH3UjD0npqQusl1IKCXOKID3gnYcIMmZ5VuPiDlU9WkkKdOHg/TKpO44/8AoY423y5UGyDrjFU14kscWPYRXHZqmjhB8ab1E57ZLO9KowkisF7aUkW3DMTD8X3nMdWOX2cPsSKdjsxEOUYpfeZm6fZDEyQWm1vjzTReYJi0igFrJ39mICayR06dQRQFDz18tbQAkx04rYWbtNRWP1LTXf61b3vwOWINk2LZQuNLkfMCIFMSs8c/kaBBnNfZKw5kM84YLsIIDbVQf//EAB4RAQEBAAMAAwEBAAAAAAAAAAEAERAhMSBBUWEw/9oACAEDAQE/EId8+eM434jVh782bzxvbOEHgB7HG8PXc/iP3CPxztzbjyzJpabK23Z+G8ppkojUcl/LHNh22O92X3vOI7mDl9cZxuSbCIZthYQTh7K6cntYGzjszhR7w8YHwfJMeM+4gd8By3dIV5bsbbJZN90EYkkJ4s5OUMAYOAk27Txh2i7sJh1eTZtmCy6lnjbZYW7bhgiVjbepcbZcuz3HSGjGdfJO5LIi7Zd2vPvj1xmyXlj9wNkNbzncQx7YXjCf7ZnCbYcbxpas44dY/bLvHjSHYiWbeXt9zPccnXBM4eN4zkRBvtvyJdz/ACFkSFu2dR11t6u2ZGZOH4hCIaba3SWdHZaRJZwkqTuHCyzJOtmHJEvy2G7WYRcvqGWaQJbktuzvuAeWytu8yx++F48tOdL3jDq6e4cnt6u16j6Tgl7iAyGWb3beo9w95OEu+pe+NIY6WBbKS03nYO5m5OG09hGAQ6Q5HHYupT0y8pwHVp3yMPge8KYy/LUZqy6m0dkhHseyWcZxrBs4SwD4FnArYTuHYx8De59sPZnlsiz5KQwfthnUPBhyKfmXbtukyzeZSO7PgRw+5Pu2Fgu3U6Nja3fVYyBKHO5T3LPdncHGc7DFp2SD3MrWHIdIhn9t+5rdLZZMt4CDnZchIi3gRhGZhPRaFu19j6xjfeXkd8Gs8BBLDZW1l22+i34PXcPeox9joZ6ly0LA9WiTqzUT+IOu5OQ0s4ThPY5TuP7dmEzCcQzpGXi6O5DPXk9I8lvY4yBsyGDZnJqGMf2Kxjoh3u/CU2xNcbKS7dO7B7CMy28bziVhsPZ/NrnUv26dlmjOnBNJ4Mwj3g9ZDyNG/DIsCfco2Jk7J4f1Ydl2vPbujSVnDqwz0T1g2GHOcZZrJvPYAlRdreQK2GdT0Wi7MACXvhe7p7g6k20gHlnIfAg3u0kZ3B9x3DhLrBE2PL7uzyN2c94LznF2tLH5FucSTyVC+7GdN3GHs/hesL4R+pY27Zks9tNu9lt5mMb8RavGXWc934Xogz3dLH6sfUpQl3LEfJ+rIE+KQwWA+c5ZZ8BupDIiF6n3J97lgPYbHbdHslMLH7jTWI9Ev64P5Tbr8tP2xb8EPsAdgx1JLVe5Uwd8wA+cPy3jBI87Nuc7wXvtpMbzncm3Hjf8Ax5DYQ3/AAIH4D7zlny//8QAHxEBAQEAAwEBAQEBAQAAAAAAAQARECExIEFRYTBx/9oACAECAQE/EJ5OM+k2yPlnLM/Bsg+W2IfK5bD85ZsLeH7bLqc2JCXLzZtHyyDneGDkfneA7CSrfAD5h/8AVvOpUstO+V4Pk+GSyx6LW3rkptt+pAXSxHfkkcFpbvwcNk8Jiyx1OkurYupLbs8RwEucHK2w8PVpwwnL9jslj3JLvMFjZIwsZXm8BZw8FkYZDvd7afko2y6l43qWtv4RZ6SjryL9t3jPhNsglhLe59T/AAhnH8SZLFuW2wHArcibE85xnP4zF1C7XQgOG2b5DEshbHDCD+zB3CTh0/4PZ26NpmRlRkcepQQWAWB3bPWb/I9s2TYMOD6wZ7eKZHS12WO4hYpO8JAfshdfkP5HnB9n6mHY67DCcDuf1CrB1Jd7ku7fyy6v82Kd3Z6uvW6HO2zwMPJ66srDrYNOFRLe7IO8ZEJshe4B8PCcnGWBljNnsQH2TkQR7iGLpvzjDyHSyCSyzjLOXrt4/XAAezrqXLTh+Qg6jy08thtDl/4eZlnl/WQ9gC2e535dYMtCXeAiXcPxnBHCvEkhP+Xlh7xBs8Hbj/Ijh0Y7n53lLoTGyTbMct22Gf5DL9v9giCLx9nG8mrXdbdbBgwHk47JW/FvWYJwlHcOrJZeN4G3h0zeOp6d3Z5PYjINkjaTuww92kcX+re+oZ6fY4ZY26SXWx3YhJ6nZxMNou3sdp9hw+GdcMgOXzh4mZuzrtlzq0+8CzgCyyBWGW95EDrhm3588Ujb/LW373L/ACW+26Ix4YSFdEOs+RNhhbb8Zw9T5C0niyC8dX8QHpukP8uqe4G8DgNYYfOcZJtqGSJuyQHABkt7hF7gclEWC2NTIJPbJsHVllllqHfgO9Sf2d8T6kyTYMJWSHfD8unpkMlnl2iYRxtvzpJLe3+Q97nLSaR5reFkOOiGlmW7afIJGAcZO3d3d8pvDKW3SD2g6JU8Wr2x43Xi0SUD26T2P0SXpiFjgPO/T3fxsvJhI1gZaeZdvyXPy6zuddWx1Lp4SerN1ZLG7gfvfnLcyM7w5DqGncNf5HdIyz/jsr4XO8i+R/u8CVttsLjeN+cnrkgs+d5TeSDnLPr/xAAoEAEAAgIBBAIBBQEBAQAAAAABABEhMUEQUWFxgZGhILHB0fDh8TD/2gAIAQEAAT8QNyug6fXRhh1vqOZUrpcvEvoQaZYS5cvpOf1V+s6EOozHUBcYuYMWYMOrHL69+ly+tfrKQ6beLc1/8b6nSodF0CLiKPU6Ay4p0Fv9FfoOhbrKP03+qorCaxlD9FQ6ECMUEvEUU30ITUuXFjnpx+ntDobgQlEQhN/rOpuCV0SHEd9DodCcRRWxBDqWRcw76MGb6MqPR6HWuqhuMQiji4p5PcEpdRG2DC1io9dNjh5lB5ggERzB6sWIzjpXUixbgi1FuL1pXTmD0I//ACxBqE15mxkJsYDzWogtz3NRxY6yQUtzzOw5jNOZYe1s6Dz/AFHJEDfic3JK5V0QFWtty5Y1EZuArfUWfoBYLoYoGeii9CDoJnqbl9Wcy2EMMomzqGFxzTXzG/nXuOs/mDrbFbjHisU1oLucmfMoUhcm7fUMqf2+V5ZxOfEdCwWYIHDjcNSfcYoUnHqCAOXiYBWYNI/oWSjrrEzB3iqPUMwJrGPQ68RYMwQlSpZGbzZupeoTdT+IWe7gWVxeu8oQWF5tYGAvFvNQHtBftLv0MWsEgTcrS++0wAUB2NRR/MbRYe9NnyfmoeF/Ace4LcuBe8M20FJj6hBCv2ldDfNTDwe0D3INz5gFxmDHRjFKzNEXWui4+j0r9O36R2MdBnuGCXLQul+Y3AcPaNoy78ENHczDfH8zPgrzLzWXV8eIbEG2wf8AUXtxKOblHeUHiBvdN3qXtWQSqLYD4uFBbGhxp9e4U2AEumLocvO/fkgFikb/AOECheJwrZWAAabtgGyvtDHEGLt6gBQVNJcYvSoqj1IS4txjK6X0uPRYz1SWWIgq9o5bVxlqCZmt4YgBfKTwKrZ5mMbD2olEUvF1EAsBXuI6vqBSnWfcQAH0gmw/ia5emGIzscXAMt8oLFAqM1timzOMIeINNKpkLa7WYoT8RIrIXyB3XMEr0A0Ewb3xFC9nmLRkYuIcvAhIHPaHYRVC0WLCOegisBGaSHWpUTrcOpSDKChQeYgMiyAq/mFl3rfqXcjDVBuUUzgqJYCBARpVoa5t7qV6NPfcASQ8pExtB2xS/uTFN+470EYXgYi3UFfowg0qr4qYwdtIOU333w1FvIl3mNpw51NoN8Aalk2J8SgrPjEMudFsbZA0csBlobagteT3KjJ8x9Mw7+kblxTbpBXUzn9LGPQl9FjMxCzvLHjxFQXtxK2C1rvHWBnvMaj8wFAOJ2hZd95yi3czANCzmnF/vKA7eI2nVpPrX8ytK3LG7riBvBcFFt4gpC6cAprzUTCUXRli8kWqWwq/cZIIdtrXL+VhvaAG070/1EFo23jMAChIDtiBcKX3gMI78Svc5I1UIdkKHNwD0XFBbB17TSMJfTfQw9bqXKiUXUENziy8GJzHioF+UMXsCn34h0Ac6uYBsmntElGcYZxtoItZtP5IJUyxTdV/w+5iyUpfv/kVOMkRm6vsTBVVMXWNHLq18dvEuAHLG3stIzhOdhFazVm0AFAhZ8jOI2ATLx8HmIKaVNnzZj8zlr7BmPAHYIfZGaYLxb4zEwqBVVR7hQwIGU5hbYZzslIr15mWszQssnMxNxeg/S/0C4FEemKO4krpVKB47SyQ5YKY+Xgghe+calRlwsYl9WxW02Z/appYrONH+xF2YHdIb6liPDLHiVT3v/yJQCwr5ZvOwH8y/eBrFjntDmxLDkqnnI/iNvUu6gULYW8/ZF0icKnnlvywBaUhQeJXQDOQrdyoq3arMS7FYQ8bh8AijIjDaZ7zF2v1RswgtxqNSfspfrg/eDW7cAk+Irm/ioyoWu/Mx1KM0/mHVSPuClygqYrUeixDotRhX+gYlR6MGZfRQF86iCjQcywlIEvnO4xE2aNDuxFqCqEvu4KseIazXs0W+D1i4U0ZzV0VKwgOiv4YXCzKscxC2t0O7zFjjC/cvaYP7QVk7Im5pCpKKg1IXiwhhYrB/viVAsapTa/64lkeRXRHtSKKas+v9+ZaiZhfgz4r7hWLAkbyxV7zyjAcFlhKBqlBVqNi90wqe5ctd94sPNRFsGy5W0PUPgecVOYbhkpi9x04l5idF3NxldLixLi9Gb9GvaEoYZfVa+ZlWvZqKlAi1ZrBGC4Luuf/AGVDobBx3+8TS1OzXllR2wsVd5rHfEGBEya/K1qA2blVUnmUMG75/eYbK06O+48BVmA7RE66Z9oALZFn/IPYfMVZs2yjNlGoxmheD/sN7oZ4xNpIFqLq5kwotn4vg7sTgvAdl48eZeoEkD2braKwT5AVaPIViVMthN5zTR71Cm7pdX5XP+5j1CjHc89+cwApCqO93XzhPqXgxev+TJQeSDGx91cJCEuC6huEl3CENw/Uswb6rUXMdRzpc2mXmG6GGK1KdmJqlGfYsIVxhjLQv8wCWxxgB/rlnshuhb/45g+0aNfzm/7jABwMOy+H4llVRC0z+P8AZgR0fuXBQyl5Khioqquzv+D5lXF2nfn+JeCNBdf8nOlZU4RaDTQ32zOM8iuLhqZjRv4l3IHbFSkuX5NwcNQ4Ptl78QNgXsEUCq5wQnahbiM+eYlMTq6OfWTf5iFTXCbHbgc+a5+WB5ZBof8AsNCtUasrOPX3ALBSlfyhqBDSg8Q3IA+TtNfNkqyk/JKSosQ6VDoxY9broYYxxDC2FSpuDzGWn5vcvqli3PjvFK4X9xv9oinkAcYbHOWCbeWjmms8fEQNjRK+C/coVKbLsGzj4jCu1Ddf7+4xgCVfjvHQ4AFXz/EQttCGM412/wB2i8JKnw3iXWKls5px+KlQjTkfl/MAzA67/TCAtXsRCLVwjLHGP37wAMheEzKtiuiptNlG8b/zBfb5qX3K+WJ5BTKNa4dh9MZ6VapVY5vZirxwdqYkCFu1Qxba/se5mtIDvi/N2/iWraK00jmvykpV7BtL7+IbHkwHD+Y8GYVxqowih05hpVfDNyqwOtUkHRO3MyL6HRZcZcvo9XpZstaQIbCLyrtG0tGSlEFko9Fo6tX4/mXAGzVuy6a+SZyTYdqd08RLTgUBNYxiIbbbNYY8js8xsDULY/mvMy2jNDk/1xLBeFRQuU/3MIjcTBk+IqzFnI2z3HCeo1rgLzs/3mKkJyycJEq0chc8R447aPhX8wEd7Nub4+ePn7vAQsAuvj+fmWEAEC6A99phYmgTj5yxa9h258y6F4f7tMBVS2qfvmNoQHYh9/UQU32DYgYd2+fXNtFN3ooZAfGseZYLAYmGfx6qFTbKq6tvCP1MjrrGwEPrBmXqCrQCDEyHAhCwEHtxxvmLWRSks/8AIHNh1w+ZVTTrOYgC1feMItwZfTmOIoRegy5fSqHtLZsqZRs2MWlMgBkvtcodQjyFp8Nse+LuqAd2bxUodXCo9OL/AHlahiDYd8WgGHiSsFvnvvMcKcyl48KzVkQ0LguCjeGSy/q49enZ7DfIos7naGhotiYec7rDqtkYaANi6xutwOAK+e3+8TCwUiL3pdPnUZ3kG/OD6gWF1FclRoKXW5Sjvea/ogQAKFMFQDG6yQ+lB7ZIhnGNue2ZbJgKzQuzxvPhi19wJiaEsts3V9pUV2BULtstHtQRZBWCfisfiWtRZgBQ2u6U877TSy16tCiy29UPwouW5uFIHyC15COpU5hXPzGIFDcXDgrvfEFLpbQfz8ypaeCi/wBxSALkNV8mIpCIper/AMH1L4XBY2/0gMBGKxkiqromNeGNbfdMAIoPmVM7563FuL+l6XiLKmphWfMaMFvFzvonDSXqBQ8gOIaCfldn8NwuzBV2swfFwbTiJUVjC/szJUVSMc7xkSnL9wsMzpy9s+YqoXAsc351h+4ljZigOzVWRYvvhKDarXYU61EyuTLXd0n5x7mChqsaG9iyoQDAI/BFGq6XNM1Z8vaHGG0g6+4u0AdspoMa/wCQA1S1gA23XzT9Mt+bonYwy5rH4hLd4cMMWcOst7YukrsTWgpMqwtuHHOIQzLWYtasdF6hbVqNYMs/7OoJIKAABcF/c4s7aCUvVbnAXX4gLlIOLFVH9QyQzzkIWZPcsI62mcf1cy9awQuuH8xNoC6wtHyRwN5VW6jYDQad8/cGgI5WNJsPcVK8g0dxooh3uApgQ+RbjtDR01N9G/0vVFNtEMKwq7mtwZDzCgMxVR9ygomNDTmFmFXWIWGz8E+7ZqOPjH5heR5EOx493LGJUbVk4uKcB4Rbe/w1LglwMNeGB1/qjiRhLSE82tnyO895cNQumK4BTnzkK7xjEoVWWXeNU2OOzUGKrACqxWoCS5MAb7tnz3siB6JYGRyYp2TDQNCZDwfOZrSuQXbn+CNZYhL0CDWSWwxWwgdWaQ+IIuNZltlYu1cecEED+LHxmHgvK6M1DtL7Y368SmFoK3/sEF7EPT6gCgbFcJVV+bmSA2G1iJ8/vEwzcTbml2evmLVC226aO/8A2KgaqQ/jGJYF7Z3PuZAS9MOTvCPKKNlhV2ftA0zHIdZr/wBikWbFOPMewhNmqlAEU5YAMF9My44i/U9WyIRoDRORfuWKlFRiyLk4CLYD3/MdmFQNuOWrmFAsW8N4x6a5jABYYqsa/uCaS6GzCHxf7SuYIK0JTb4/plMV5JRbeHSZvP5gA4IwWuN2/wAQVbpnBX7S3cDvkMvKA3VF3f8AvmY4zFse+YMXo1izRUCkFpeK3LV+H5X/AOwChYuLy43XrvFzNTNLT1x+JsqrdFilL9Yx9bmK6Lrv21b8p86iYgQrHy1eKlyU74pgRa2aWK2ueQIppWtOjAYkvAOv9/EVOWaCorh44iU3or0jWd23BOCSlVOMYXjUY5HDUX7f4ju8jdj639J8yiqxlNgGKdqx9RTjegrbr9qYV7BS3dPiUqYOE+MMtAUYU7d4MJzFxiUxRYfoDonQXuYgTVAsUcHmOkBsoX/EEBwXtvtMYsXl77Z3HUEDhChcrilWZg9zz/MyClocxxzNLI+F76lumQw8Dz2nNAZva/caGkPUDYkYqsIjf7zC5Apsy7/ioV+xzUNB/wB/1zMomfC4ygIVdWsQJ2q7pPUtDbtDgI5XWuGSv8ygs1WXnxK8xw5ZrBvwS8oNvAecMOWAzjEucadssOVdfg/eBK0FtKCfDe5ZVRQRTnDs8QNg41XbMWmmuKhYsUlYShvvaTJCwrnmz8SogsEuH/kLILbXG7vzMy2lAPdwr4JSiKhd3oCoWWqGGXM74golxcS7ggN/pBly+qAGUhqgAr1URuYQjFp0aA8eItd4ju7gcL4WX8wX6DSULx8bicU6KCvm9+YcodDZX4IYMAouyCK4tzmpZBfnQlYgdrk+SVnAVd4/2yItWK3Elncx2mLjcGUvXJzBJ6RG/t3FXOTFt/fzAgatcueT3/2B1lzQI27/ADODBwJqrs+6lOTg004+YVFyRXtiEozyXzHNAW5ISAt3ppvD3rRzFMjCGrZ/3aAtRWpsszXvJ9w175kchvPiBgDIOC37hz+0N6S11Fd7/DL+yiTKe9cywlUUiUf6oTrDrXiPFdB8kLngmASsS4wSqjKTXQluhI9GVZHpgnA6iVssCXl59wEGGSyVpV3GpjsS9R+5dwVn2hYhahbZ3BFmxp+0QFEbtyQRR4rSq7RRRfTpiEpO1QL7v1EVQGrcj/7BvUHgx8xV7dF9+PeZnQl7a6NZmDIDYAtB788QCgZsOHC+8LALaguJ7+ufp7TIyeDkvj3qIlNtMiods5/PMY9WEBW/fBHQCHNtxUAQznkDLG+5OBIINiqp+rplug3XGj9tf6o6QVVcXgRvCmBjLhmMFAtH498/MowoSUui9vmL63N3rjt7uU+VCI7jAgNI6Y24gz6hMQqalZhgihCJDpB0Q6NV1/iUdo4AfZF6G3iMGmSVcKFGIOpVwrLtfeZ5Ir0faRCUlu7J9xRKFRpKHmolHjRg/Gf4i94Hdqe/2QYimmC7wPdD5nbtktWltKrm6uyKqCoIrG8vphsDdro9FRhkSmLr19v3AyiYDKej+4Jck0VvBrXGZl7BCxZRdlWWTFyHJE1Vue2L7ei0Gks2yZwbGnFh75JcWgpL/qnNKvWPkiQIy0hr0/cRiWpDrtntL80sI0TcGjYWGu+WXUFHBkY8clCJZCFYZUN81ceyht0H9xna7zjR9TnXgvB04j046ECMGZx+jcH6tYWxTFSZiLzWDHeU4dtgRitilVSXj+z5iMFXd1T/ABqUrAqRba3uXhaUpa38VBRbK7NXjs6ISu4tVN4oSvbD1EyaIya7WtavcotMfqWVFboyGe53juU7BY7JakzZ2z3gTXAlQXN5wl/DA0e6YZV3fbfzBmABsWz0P9SxsA08hM9txkFVm4pg3fh/aEAaws49+P8AcwNRRQbdKX85ZtxRkefMSvN6n8H/AGAWAjnAX8v8wWAlmBZTCZK7OP3SEXBK1rBipWnAiR0cYpSNU2PEZFMPzMYP0GXBvoQ1FizDUP1r6DGBaysi4lcO1QJzM213jhPcFHOw7fjiNTNsVL/2E7Du6Sz6mbRoRClScpcvIZ+f38WG3roFdBTV81NTCXZBTaNeCipQhIq4AIrTRkyI54YG99HXLY7u137gCrGotz+DLe5fxgcrpRhAzxnh+xi7ppouvfGc+Ny50BpM28jxBElWou0OHH+7ytRQicWeL2X/ALcsSaLG2DHgwfEUhkXS0jyHcb+4n4TbfH2P7h/qV5+p3IR4F9EeWEI0tXBnZvA+WDNIMvmLEG8Rh3S2qhCEGX0WYMdwqOEWYdK+q1F1eoRqMwgu2wiDr2Ayxs5Hp8ROFblL9/8AkbyDe6X+ZfgVusMvp4IE0CsgoPOoDX1J+4Jp7TaSiOx1TM5O4cnvl0RUYXkn/sFEHlIcN9nv/PY1F7gV7pT/ALGZbhELVq5VmAul8wQDGAS0AGfgGZuRXcQ/tkfMzSgCnLmk5Mb8B5tmtAFGGjdfLxBIwLybap/aUNJyqIB4OYVhr2KD3eI4ZWQgZmbNJQMI3Tal+YwLVvouBRcLdHcay8MSmXoS5fRt6D/4mL1eiolq2lBrmW2kGYuHiPQGZyOq3hxmGoYhvkqXM+LwEwa2jgHHyzKTu6Gcd8zKYzLiuzFZ4qJQxUl1Cq3hMZuPAJWsU8ga/aLACELRDhOT4bl/Sturfxn3zLkargu+bNwkQFFpOGn0a5iKZrHK9VTeeBzGlVGALmEtQ2G0ef4xCCA8tSx8nMq2iFhg9x7wu7zsMt94JsVF/Rf5uCDS68SyUAB4IoEylepiDtj0zU02wkLZpuX0dRcwOp6P6WM+OhFntmJaJl7Q0KkS8x+gWtq/5Y4dEE7FEVltDy2XcMaKlEPDd5+ZmAPRP92I9jd0mC+3/IRpyLV8MzVb5trySgRFGi0M/MWSMi0WoE9ND8QIgBRfD+ogAAVY7xs86+iLLk1VHJ8jNcJaDDfhHf7zGIWzaxQ+L/eElTQHNnZ5mE20GNv+JbwSGuT4+YDIjtvvXeFscjm+cwMbzAF15Y2CgAAlGJU7Y2twUjj3JclgMKgkI5llCfMrOlRZuD/5nosuLUuXcONZZZgTbo1ww8Seo0FCVkwEr+b59o3KJsskLqApaHxiUIcBKD+5nKG1BweWDgF5cblIRezWiKoIIw5gLCqqparDuDcygfNRrnWK0I75qYGvwMeYAAQGDZu/m/3dQcKBLPeiLLZaOY/4LAG0vvGld1FQiV+GItyc8zEF1GQKzGwbYAEJRu5cBlKxBUYIJqXGXGPR/VuLSVTvTdAjO0CEPbuy2+b3UdVsKQZgJia2cximG5RxGCVU23k8Ewxi4s1A9glgtNQXLKKXsVUvnNLrxiWbrDI8evxEsxhu+x3jeAx4iohW8tV3qPDaFb+Y6aoDve0QuAlLuu0BMWWgL3ixN2qKv5hHGg53cHajx8d5TpoC/cTQNT38QQB/aZSLe5WBZ6hdmIk7oClzSDE5mkP1u/0PQLYESWixNFy44XxAtivyQ6dk1gHmuIU8LBysS8bLpfMpK2/sYhKgCZKe8zDOQ37ljEcluc+IAxOQzcUd2pVQLhLmH8zOEmTuKhNPBL5OPTuCq1UJj7hDgtkK+3csrNMhPIh7i8F3KG5sGZXEC/qYDAI+UXJbqztG9UR3MQjzcPW21eNkKzmteIGQ1NSlncnCIEuK4WJWYQ6EetdoxjHozbowd4KYIOaiblV47wShQcEJbXchjsNtf2jzOx2jYPCBz6mEQId2W8WAjYPMASmlGHuLjFAcDh8NcRIipYGcXJSmXviMiXBpTP7QTDAbcA8+WA4jEdh/eAM6ZLXE0KG8RyllFrvphHM1Lui5fhoK+mASVKJshG4VU/3qUELigxOrNDuZ1CqejrFwZRjB2e4QCI87lGqXLFbipICDEUCEuXFl/oYkSJ1VMG4yqO3GXtErzN847TQUIACucuyJhm5MRGLmjglNkpZ5qXUosogrYOpU4aC6hFSnl8xiF2y6VZxeLmQVkU1glbiDGu04YlEn+D8waAUEe+4gYrGPMM1sS3v7hSCGnshtwoVFNTaxftDrMqGoCWE1jtGcaqQaYMCXkgGjTJA4KTiOQbPmJV3cO2amLhnpf6D9GO3RIxMR6UsSkyiwHcAD+EIbU+YS7HoQEqqautx6uhZ28/vKgwGiM21tfBAKAeb3SUOVC/bOStmohN6RTasNJWpECQuMu6uM61VGIKh29vf4m4RSbC6U/H3NCZkNnmA2mFmjh5jBycnEoCBVnMOlpuh36gUtg/E4Usj7+UeRBGQ7sVJsLeP9UBLS81R+ZTUveYfUUUa9wCpmeEt0XFlw6Bct2nP6TcWMYmYtdLlbD1bPvEQUycUyoqHqG6QZeVmGw2GGu/8AERSidI1uvr7mKj+SufnH3KoOQHrmNMyb5iCZ3Oe8BoEqqj2to1+YYiwekKs6+NkGrSKpux2fMee3ROzxFEqVREt5Px8TMCt6wr2AbPTxBjiVtlmgqsuF5hQ0uBlBYf5ZfzKUrTgT9mGqbhXJ7JakjoORlzvJyEphiOVUqmzFMDJfSJcvoLndgJUOonQxlSiCYkym5TTMS2Yey5t4l6dQHT0zWiYRMMgqzt5+ZQOLTsd7/wB2j1xV75eB+IEeDlsdmYvMh0ZP5gyOSn1CHKqp0N3OGtQOS9SuwenzgZYKhL41cNDmu+n5i8XjY5e/uVIT8WDsjj5qXJtlrP3iNQpLXNckQAAqPJAMdgx3HswcpH7GdRahpwaPMy2Jzwxg4gDFMEiwaba/EQBq6GI+z85hwNQMsZS8RZeYTNDXUMdamKJUqJXUpGvEyxxBSpZdEJbrbDRatVFM+fbcSmnJUx/1EVVM3fbG0yMFX6v5ivKkVxSkIV5qmz/XG4dhAghSpWr0zIewLw+YiWDnLswAEG5WqsiBjyLn94NoHDZHxcFdim+QmZ5pzcHaobOzmBjEwMXAKoG6t0xXVGFphqUBYhxEdmt/f/JYbTTlPc3nnNQ4s+IWwyZOGahb7jFdV6hCOoM3A6h1qPVglR6adDnQwRLyUhqhllY1gxBdaMt1mHWoc8Hq/wB5YoBgot+U5oPaPgO0xjuECvFrt0Q3hItYVLa+/wAy6p2v3OCIVnds/Z9ytoTTD/YgorjSvCdo0zvXicsgHOXO5TpRdqGvTgPE4IWXV+4VYQPAwxhKm8jL13hTfbh9kEPIHn5gg1NzxmI63DTldmPSlNn89mPj5lynuNEGQ0tktHxBEqJ4vDBqhnbmJvX1BYpEIZIPQipg3+lepjHrUtmU7T9iRMAzET3I1MhEtVsc8eNpKl5D/BCtZdDQX75lh8l7UxrZ7iK0BQcYKnmfeC/cA4zkpi/Z6gWCpaJuN0ANwBai/eJnGbXPuGXbNNQSR7JWAs0xamCGjIqjv5iaDbgGyNrDz3uWoEJvk7j/AHDJOhDWMxJhlkFfMJw5h7QfS0tGpwEufcFuy5qGbPcRLHF5nhm8GDFLg9crB6PRUSxiy5czIluYQTzClrlVQh7mOAy/clBQD3gG9LlYK6Xq+YnpkWNubgOO7tX8xK9hYF4u+IG3RsEofT+8QVob0THYKsUVATvVrNVj8y4WueJjBTdtTKxagl8BuI55hbFjDECguXdsJc0K0fMUkL4PbSNvU3XYYh2aB7gAUUB2Dj8TgHnOEg0pZZAasxzcxxp8xVRK8QCrpZa7GPGYPQMIQYLBHRTotuvPRURrMpu2IU0zPktjtT2cwWcrFEo77ZEwsVllzYiTAL7hFoDbeX6itvwIAfD7g4YpKw+2HqiW31/tysPKBb4/qAqphTPw/wByrL7Hj14gZHffcKDKn05gNiZlFhFDa2ZUXr+YJXa9hcOTE5ax6uUIlyEx9xABsCg5zmC4NUFbMRplgUtBhwOIyYTuahwD5IO6YySs2rDoOgh0HV/SxYzaI3UtEVmzFVVQKji9xhbJqWCPOJYAPuapgpZH8e5oDqrul7W/EQcDml/mWINdI5Krado20PQ0z8uZU6/IVMpAIeGrP95hLWmfcICnZNA1dXr7ioW57yr+YgR1Kg8xUXo3KRc33EIgN4uMMYD4q7ZfevxIQJbapkqW4qv1McbqEoVljTDBEHZlbI9ymuIOYBbiyVzFYMhcIECBA6v6GMYiHMNx1lAoCxwxkjDeYMrJFeV8RxveGj5Ioiva9o8jb3rBHOYNAw+hPF2q/EI4Wv29yhIBLrILjPMWlq4BvGM/iED2aqs/mYHgKWsbPcHX3A2eYCi2yuBdATKC4mLWjEpqMCvmVB2iASdAOxz+Lioron2xN1nsD/TEAe0EtH3AylXHJN2SZpmDReyqA3p2UuZlwPFRFb5QlFQsoZUeyBAlQx+iuiSpUyiqgSpY4uC66PcIYBYjZZqd8HiAFWNhgggp5Tf3KiXxfeGGzEd4VkL3LWquvUrfSrR7QPjSwVjEpiQwDXn1NVxXTBriJFBNmh/1GgbFq7yzdDxwy7mkhtru/wB47LnUQt0rqv8A2ZO7nkjEtdXBDIUmvHiITHL7LhPvFeJhkDaoMIe0gaAe4wEQSuJlrL9x6UqE0MMCTsgY6DPQh0qVOOj0voDEuhBbKgKGUEK5gO3JQZZdVuPVGjsRY/YyzJop0Eegju8ENSCcGMSrIU2vPglcZNF8+YLVlcvxAYOIfEUmlLN8RWfuTtG1RDIHxs+SvqOHI8QTS6xAvsdMqEfJGtCxVSLdBy7uHgGEzApS3N94AApArxEs0m4BDRZ2TO9bS/ppqvvKVy24LyLtlphLhbrEZQbek6gnEOlxi9Vm00jmCpr5hFwuWGUbgcFMPeYCEVB5Zb2VTcYnr3LhDDgjqlRCgiim9A8BLBmFoc8mX8RF1Y0OnxDIpQteCo15L2g8moe6OBjDTqNQhLb7ia0WZB7xWVVpzLURQRHcZUuCGJ+5sYQNWk5mu1OeA8spUscOzx/EFNnkauPXM1niVCoC1aZ6FvEXWNxL3MyjvtlZhyZTQUK7Rms3BQxnoNRaOty5cuXL6XFg0y4jMiAF3Dt0hvKRI1EtxgtlKgJQFJMUn2Cp38zklCMZX8Rtaby/2YVACwcMZORQ7P8AftAIBgWb8v8AUQAt5Mvg8HiXQIsIaB5lGLU4e0Qm91aHhiVGuRf6pdxwXRunJE0AMaWdmG5SLO6dpbMapzt/cYOKqgD5hwq2zf3NJQpy88Rb1ifnvFalssTcEJQd5oEOfMY15y5YlXxU3gRGAZTHlFRBo6KjqZ9Fy8xgi+jFlxZzBEtCrMAVEOS4uuG7iOtHjMW4tS7kb1A4fzGliNl3HlfhKJyWQ4PMxzFXc7/EvlWrDjx9y8ijlYqES1MtLzK6Cj7GWUMtut5gSNBzdSsUNA5li9mkRv4h3G0sWL9MZGXLTXpiZmnKtysRUFazMlq3TDcRbSvEscHOOIhDSLQ8wqNHwyvXtRdsHZxKKiOYlTaK3iYACBwGLOZYYl6hZdH6Bcy9K4s/SxVFHMAQy/uBzMz1i3DCoU3aCEMDwB8RrDlwjsFgfKGqW/5UtiHIOW6CIlgyoYOxURn0WwZx3YmohwsB7/iERG1Zx5gQQpYLE9QTIM2YYQoXYqw+4AdeAqT5mRarLP0xAoMz7SU0XWLx4npbfDx8RgMGwsn+xGiA9uH1EMVCs6I8o2HgjSUfN4Y5HT7mYiAyIziG5pbmWrFM2NMxm7JQJaoL3g4yykIuDFXSyVqbY6suC+kVAd1krSr4YgtriiNEW4qpapwPCKzEpiO0lF0eZUGdj6nakv1a8ZWBK5FZbfaYMdiNqtZ+5QWXYHPqbRxdvL/UA5yNlfg/mCWXcNoPsic2LLznwygUsq3FSrWu+CwFz+NhgWIcUn8XKtllBcPOU08XKBtL5zCgkLQrmZIJscNYzEgA+LMtUtpeYOK9tnaCI0jKxRMh5mju4l64YxCqUJZBWCeGJ2YeDCAlu8tFZmVH9AWdtXuZoGY6pDxSD7hwP5i5ceRcOFpwbSk4LWYpiAqxhMJnTAxT2e9ysmDbbFmNQMpzrvMQu+Rz/v6icA2LnGL/ADFNN3BvQePkgFpYDg/1xUgqClYb18wUyoBvFuX4lE4EqtVa/wA1NALoWvMOxIWYPVSzazQMEQMIOh3DEMwK0fUpaL2B8xu1cGpc4dyce2ZBVuKw0Hbqu0WpZ4zVxqCA13jNSFj5KWV8RVDxgQxUChW4BwQMolSjxHLEuX1VqAstPeIlzMGriFWPYmKrnxAFHpu2PqJ3MVdh7rDCZkXRfPnMIu3aQ3igu+2Yy/SqYGuGIaObadHMOVmvXvV07liVTn8m4rlkNsWFiQjgXcsO/mK7auSVrnW4I4l5g/8AZcRIAFKtFeq+pmkRpor3DZbEJsv63LNC2GVDMyuBccH5lTGzAQCoygRq44bWhde4vNIsDjySzJeDF2QJLjYnEyAj+ImGfFwTiu3tAeJiKGO4i8kI2QOkDmA7yneU7kp3lDmXLi3LhcwDrqvMpdzWN1xGihcYIkS4ahuNJx3jOXLbTVkMBHkuNb/MPalSg+yzBGtmjT3zLHgGaXUCgrsp97luiy6r5mMr0xoB8WAwtEqG1egj8lrC3wTNfE4A1qLeN/dBEPBlPe3h5hBmKrbwncgIM0A5rf4juw5bp+OI8vUNZ4j7CMuB+Y9hHaar7g2pqB2cMfCAbRphk28OX8TvM2nUKglKLdysKbwcy+S/ZkD7lN3OfUIlkAYJTxAmIpHLoLuAwJUzMRJWYkqVLfMo7xuWFDctRO17TMUZybjHaVRb9SjfLEUP7Y6I/FxkQq62fvM1Cbd8sMnK5QZWMJhuGFcqd4wPENdw3VNPntFLAMnsK5YSa66VrtZmjnESUCZKfcwispLX/sQpuBea2982epUGrIsCmsf7MEtHTlvxR2jMCjIDvmYoodv7Qt2TYoC+9wsh13yfMETXCWFPwLeu2JWksgufGbjKIHZb+YwXvEi2j1MIYIYKlYuCE4qeOPYiXvF4Ys3NuZxgdFdK6X19xhElZhjydpskfMBCijG9QFkF3HtBihNYqHmJWh/9SzA82gh5FiOyBtHjMo7a3HDS1ox3YUANtPB8Qo5loB0t8AVr1Hr3WF05tqNd3FtL9GZhmgDUc5zX0QIAN2EY78i6zrccXXdAzT3ocSoDTFMhy7P5gMR0yhOxVB6lP3cFW/USLSqtF84l0H0HdvZFuWElUuDbAzFcmkPbJBAQFASq/aFYAbsmfco3mgM59RCpdillQUPguBUAh6OmYD2gdyVcJWy4mZjpczLYLxEqX/8AAXcxgIM2R7mIp0HlVwW7FezlmY8Q5yMmowOccg2HvcEIrKxJSqO6ShN2JbXyuZvTwFDKXXDd9pcDQq9Fu7c865fW46rdaotGh3sh7i2JahsVzk2eSUCJW1QmFjXMVHeLVe2snn294AUQrDFWHHWc141HuVLsWJy08xQ12GVH/doscvQOHzDxAzRk72kwQsGV8oJnjcrTFvF/f8TWs3ebp8VMDF7SvyQcXqNIBjzsQVqCIU3CaylYiaj2RVzM3K6HTmaRLeimBfMqVmVK5ldHo9LEH3Y3MtxEcUzOS8Q7+WF+3kv9U1AEqMIu/wBQKBeEDF617hHAQN92h+PzMTKRDLS791UclPB1pcrk7r9xMBN3ewYX8YjLpBAZGsEutc6xAy70wrsP3xEKa1kzcNiV3xuWrCxXc7gfiANB1qV2ldagRifoDobldF7S/cpeIdnrFdkV7T4RXx0OhqV1rDZfaLXG1bGUyCCji7w/JABIt5WrtWBbhcXyP9xvkkrkWX81qEbo2BO7miC/99FVrC/EalMyykHZletmPUHGkFQ8hZ2WMH7vLKIJ8Q3/AJKxhSVXHU8yr/QMuWRe0u/0hOYBhZ8QCAJWZXSowDKGP6alQlHNwwiWMsKWTY1vf3KFBu+e3l7Q3AoWF0ZPnbiIxcUNmnPaGK9ynOf4+JZINgtfMxAEIJUqa6oeIMQmpl6Uw/RzKmo9CVDEdSgIdPj9NY6eOpqEZfRnzP2iV1nuQSuS98wRgD0QxC4LgTjc9RLlQoi3FtlKjuLMS8RlQuB3iVLxL6hnqsG4FyvEqU8yo9AJcy+nPQjnpcvpTC4QmIRVLCG5vRG4XcWMabl2pvpXeVnpcuXNypjrdxly5znBHZOZ3jHqu4Q2Rn9Q1P6jDU5+Ib/SzmE49H9R3HmEbM3neHMOnM56d+nJ04+YTh6Men//2Q==');
INSERT INTO `mascota` (`idMascota`, `FK_idCliente`, `nombre`, `fechaNacimiento`, `categoria`, `raza`, `imagen`) VALUES
(2, 2, 'Malu', '2020-05-06', 'Gato', 'Gato', '/9j/4AAQSkZJRgABAQAAAQABAAD//gA7Q1JFQVRPUjogZ2QtanBlZyB2MS4wICh1c2luZyBJSkcgSlBFRyB2NjIpLCBxdWFsaXR5ID0gODAK/9sAQwAGBAUGBQQGBgUGBwcGCAoQCgoJCQoUDg8MEBcUGBgXFBYWGh0lHxobIxwWFiAsICMmJykqKRkfLTAtKDAlKCko/9sAQwEHBwcKCAoTCgoTKBoWGigoKCgoKCgoKCgoKCgoKCgoKCgoKCgoKCgoKCgoKCgoKCgoKCgoKCgoKCgoKCgoKCgo/8AAEQgBDwFeAwEiAAIRAQMRAf/EAB8AAAEFAQEBAQEBAAAAAAAAAAABAgMEBQYHCAkKC//EALUQAAIBAwMCBAMFBQQEAAABfQECAwAEEQUSITFBBhNRYQcicRQygZGhCCNCscEVUtHwJDNicoIJChYXGBkaJSYnKCkqNDU2Nzg5OkNERUZHSElKU1RVVldYWVpjZGVmZ2hpanN0dXZ3eHl6g4SFhoeIiYqSk5SVlpeYmZqio6Slpqeoqaqys7S1tre4ubrCw8TFxsfIycrS09TV1tfY2drh4uPk5ebn6Onq8fLz9PX29/j5+v/EAB8BAAMBAQEBAQEBAQEAAAAAAAABAgMEBQYHCAkKC//EALURAAIBAgQEAwQHBQQEAAECdwABAgMRBAUhMQYSQVEHYXETIjKBCBRCkaGxwQkjM1LwFWJy0QoWJDThJfEXGBkaJicoKSo1Njc4OTpDREVGR0hJSlNUVVZXWFlaY2RlZmdoaWpzdHV2d3h5eoKDhIWGh4iJipKTlJWWl5iZmqKjpKWmp6ipqrKztLW2t7i5usLDxMXGx8jJytLT1NXW19jZ2uLj5OXm5+jp6vLz9PX29/j5+v/aAAwDAQACEQMRAD8A9T+MnxQ/4RIrpWjKkusSLud3GVt1PQ47sfSvnHVdc1bW7hptW1G6u3bk+bISPwHQfhTPEWpS634h1HUp2LvdTvJk+hPA/AYH4VBElQ2IkgjrRgj6VDAnHSr8KYFAiaJMDir1tDntUdpCWOa3LO2zjiubEV1TiTJkdva57VpQWmO1XLa1wBxV6KD2r5nE4pzdjK1ytb2+O1aNvbAnpUtvb5I4rTggxjiuNajSIYbbjpVlIQBVpIuKbKcDArpoU3ORWxTmAB46VDip3FQtxX1OFp8qGhVbBq3A/NUBU0bEV2plG5bSdK1rWXGK523kwa1LeTGOapAdJbS5Aq/G2awLaXHetW3lyKb1GXmXIqndQhlPFWkbNLIoIqUDVzzj4gzxaR4a1O+kwBFCxBPqeB/OvlLwjOEne4Kq88jkkt2yf5173+1LrIsPC9vp0bhXvZMsO5Vf/r4rwPwTa+ZMrSLnJz83QD1rGoktjbDqzue2+FZ2uFUeVnaOvpXcWsRYrkHnuO1cDod+GKQW2EiXso6mu702VlA+Zm4/CuWUUehd9DYGyNOBzVG8hOBMGAdeRVtcsvzEmqk3DkFsj3rnm7GkC67G605JerqBnFVFXjNSeHp18yW2Ygqadcp5U7J6VNaCklUR5OLp8lRjQtPUUxTTs8Vzo5SQGpAeKgU1JmtYsB+aQmm5pGNXe47jWNRs1ONRyVnJ2ERO+KrSy46VJLxVGZ8CuaU2iWV7qU81h30vXmtG7kArCvGyTzXNKTbIZNp3irVtFuBJZ3cmwHmJyWRvwP8ASvbfBfia28T6ULmFfLnjO2aLOdje3se1fOs6k1reCfEM3hrU7ieNvkli2MpGQTkEH+f516ODxLpu0noVTqOLs9jx+JKvQpUUKdKvQp3r2TqJoVxjNaFpEZGA7VWt4y7ACuj0604HFZVaqgiZPQlsrXpxW9Z2uAOKSztcAVsW0HtXz2LruWiMtxsUGB0q1DATVqGDPar8MAA6V5vsnJlJENtb4xV6OEDtT4osdqnwFHNdFOlrYaViGTCrxVGTnOaszNkn0qpMwAr28Lh7AQSGoSKkIyc0mK9ZKysirDAKcBinUYpgSxPg1pW8lZK9atQvjHNWmM37eTpWnbTYxXPW8vvWnBL71YHQwyZAqzuG01jW82Mc0axqkWm6Rd3kxxHBEzsfYCk0B8gftK+IzrnxBe1jP7ixPkDHc96x/C1zEuN5+i+3vXHeItQbU9YutQkbc1xcyy59cmui8HW7u3msBzzzWFQ6KJ7FoF6ioBBA0khHJPArutKvn2DzI8ewrzrQ2KhVMqgd1UZrqrR7dACszIx/ujrXNO72O5WSO3gm83novpVHWZBGm5GINUo9SigjAL5PpWNrGsCeRUU9+1cdS+x0UI3lobnh6dlvsseDXU6lGGjE6jrwa4K1ulimgbI9xXoOlSx3Vo8eeo4rWh70XBnNmVLm95GUGp4OaZcRtHIVYYwcUiGuSScXZnibEy1IpqNTTgaaEPNMY0E5ppFO9gGlsdahd6kcVXkXNTJiIZpKzblz2q9Mp5qjKlclRsRmzgtWdPFnNa8qVTmSsCWYk8VZsy/NW7cpWVMnzVtAk4SFKuxKSQBVeIdK2NNty7A4r6WcuVXO1uxf0q0zgkc11lhaYA4qppdpgA4rprSABRxXiYnEXdjJ6jYLfGOK07eLpSww+1XoYsCvKk7saQsUXSrkae1JFHVtFxWkIlJDVXAqvcv2FTzPtBArPnf3r1cPRuJkUj4zVR23GnSvzgVGvNevThyopC0AU7FJWgwxRS0UANPWnK2DSUzPzUAXoZcGtKCbjrWD5oXvipBeqi8txVpgdKt2Exk15j+0F4tbRvBr28L4kvSYT/ukc1r63riW1o7l8OoyB618yfF7xTc+IdVWKRgYIfuAdqd7DSOMmI/0WMH+Dd+Zrt/Ck5Kh5P8AVrwB61wd0dtxbAf88lrrNOuha2MeerfrWNQ3pbnqukavBGu6f5UHA4yWrorTXbNMvDAp95ev4CvE/wC0ZGAZ2OCeg/pWtby3Fw0fmPtyMKmegqNDobuelat4gtHz5UrPL1Kw8KPqazYNVRmDBdxPckmuPutQjSMwWe3av3367jRYXL4GTk1jKKbudVGTijvhfyvLEcng9K9J8OX0kdtI43HYteRadcbZYJGOQpya9H0DxPYRxiGdlUH1PWnRpx5rk4qo5QSN/wDt+O8mSGaMxXDchW9PWra9a868X6mya9Z39qCwdtnA4C4ruNHulurNJAQxI5INYY2HLK54lRa3NJelPFRqc1IK4jMWkNGaDRcBhHNRuKmNRmk2BUmSqMy8VpyjIqlKtYTVyTNlWqcy1pSrVOVetYNAZNwnFZk0fzVtzr1rOlj+bmri7EHndmN8g+tdho1sCFNcFpt2PMHIr0fw3IJEWvWx1RxR0yZ0tjAAo4ratoqqWiZUYrUgXAFeA5tsSJ4o6txpUcS1bjWmlcpIfGuKezBRR0FVp5a7aFK7GR3EnWs2eTccVJcy+lU85Ne7RpqKAdSqOKAOKdXQMMUUUmeaAF4ppprtgEioftKDGSB2otcLk+arXMmzn0qreajHbMdzKOM/WuP1nxdBBcqgcNGeorRU2Js6e+v12SAN8w5GK5CXxUEufKlcLwRmuZuvEJXVCscvyk5XPT6VwOv6uz6ox5C5zwelU4qIR1Oq8X+LnmgFv5mHjJG7P3hXkWo3JnvGdsk5q5qt08x3fqKx5yWw/fvWT1ZoXdTBSW3Yf88VNadvceZCD2UYFZuqvmKy4/5YLmo7O5McZzUyVy4Ox0lvNsIeUj5eg9K1Le5le3kunOxT8sf+0e5rlbd3uZkRTkse9bN/IwlSBeYoQEHpUNGykTQ3YDKgPHoB1rbgvQigKmPUnrWNp1qxkiJUlmOanMMzvJsU/Ke1Q10N4ytudPHf/uhsPaqv2qZ51ZXIC89ax7ORtp3DitG0TduzxnilFWLlK6Oys76e40WEXb4UZKP3zXYfDLVWcPZO+9UJw2a8s1vUDFpCwofnHT2pvw31p18QQRNLtVmGearEJThqefVirH08Dx0xT+1RQEGJSDnIqWvFe5x2FFBoopAIaY3FPNNIzSAifpVWZatsKryCoYrGdMMVTkHWtGZciqbpk1iyWZ8qZqu0GT0rVEOTSm3A6ilcLHzDps8zygqAQD1Br2HwQsrrGTg9iBzmvnXRtTe11FJASUJwRnGfavqL4XiC4sFuYZnMZUEpIOV/GvosRh1VN3G7sdtaW7hAQpIq/HGfSs+TX7W1JjV0dvXHSkg8QYPzKWB7heK86eXU+kjojh5M24hjrVleBWfBq9u4B2gn2/wq9DdW0+ACVPris1l1n7srilRlHdCSy7RWdczda0pbRpFJicOvYg8isa8tJ4mO9Tg98V6FDD8m5m4tFdmLHNKOKYFI69qkUZ4ruQhRS5pp4/Co1lVs4PSmBKW9ahkmCHrzVK+v0iU5YBhzWPqOqq1oJ7dw2D8wzyv/ANaqjDmE3Y2rq9jCklgDXn3iPxYkErpbyjfgj2rH8T+JpFtHCEnJwcfwmvNLnUTLcyNI2Rjv61vZQ0BanQ694su7xYwLg7k447iuY1LU7mVxI/UgVjXF3mQbT0Oan+0bgI2yWB4B9KzcrlqKRvW2pW95CqzM0cyJjdisK/jkklIEiOQcbs4qY6ZPG0M8QPlynCn69jUd3pUoLyAMox+RqZzS0ZSi2UntpI0YOp2kdapNCrHaevStFPtNtOUyW29UbkEd6dq2nutzG9uCYpV3L7HoRUXXQLMparGPsthjlvKwT75NZ6L8+AeBWtfIfsVkTzjemfcH/wCvWcsTB1x1Y0PcDb8MIvmvK65aJSw+vatuFYpGaOZVAX5y/wDOsO3kFpphf/nvIEGPRa1LEpKq78kseR7Umi4s9C8J6KLvTG1CYFUYkIOhPauq0Lw5bXKTCLym2DaHP3dx9PXFctBrLWmiBVbZAsTBQepJGAKm0vxL/Zukw2ivl3OGZOv0FToW5PoaN14RswJRbyDy4uJJAMliOuPSsS/0ySzUP5JSI42k9Wr0vw1Yrdxwm4UpCoBWMfxt3ZvU1k+OfM1C9e2tlUCFeSgzs9h71MmkaQk3oeKeJbmRFaIdW/Sovh4E/wCEktnlb5VcE/nXSy+C9S1a6fyYmVUBJZvSug8C/Dy7j1OGT7K5RD8zP3PtRdSVjKom2e/2TBrWEjoVFWAKW2spI7aMMuCBjFKVYHHNeNVg4PU4nFoAMCkNLknrRiseYkbSGn4pCKL3AiYVDIM1O4qMjJqWBTkSofJ5rR2ZNHlj0qVG4WKSQU8wjpirJXmjbV8qHY+B7J1SQFgD6gnrX0P8I9Qgl8P3iWrtGyJzHIc7fofSvnKJ0BAkXj1FekfDC/8AI1NI4zKY5fkYqw7+or6WesWdEfiTPYdOcyyDknJ611FvDgDn8K4W2le0uNr5+VsYrstPvC8QKgAeprxedp6nu8t4po3LRbUD94hUj+LFXxHGCpimZO4G481hGclQOMUkl6iEs+49AorqpSTVjnnFp3OkRJ9++OaQEeneraajdwjbMVkA7MuCa5i21lANuTHxu+9zirlvqq3Kjy3cf765rflS2MH5o3GuLG5DGSLy2PUjihdNikUfZrlH9jwax7mVnhxGqvn1GKpg3EDb4UdPcHIqXVnB7C9jTmtGXdUW4s4mM0LgrwGAyK8z1rxslhIXEbIe6txmvUtO1x3BiuWV/VWrL8W+FdA8R6fKtzFHBLsISZOCh61rTrKZzzouB4VrnjiS6kSSInB7ZrGsvFM7TOrs2z1Az+dY3ifTpNE1Z7XcXiRyobsRnqKjhs7iPUf3EhjcjcMHH/666ee2xlynf21k17BFJcIJdPuWAE8YyYj6N6VwfjXSLnQdUa2uF46o+OHXsa6Pwr4uvNNv5La7CzRPgOhAGR649a67xqul+IdERX4kjHyOOwrOVVp6lRjfY8Fn6A45JxW5DbLdWodAN3khgx6gjH8qpz6eUlubWU7ZYsYz0I7VreHIp5bmCB4iGXcig/xHHK/iM/jitI66ks6jw6Gn0+VJIgxRVkI69Dyf516jp/g6HUdPj8+JcFfnC9+eDXB+CbGSzleB9zDBjdT/ABQnGce44P0r2DwmJY4Y49xIiXaf9pf8isMVF2TRtRa2PH/FPgl9OvWYRl4lY8j0PIP9KzrXR2u/MVQTJEfNjAHJGOR+VfQuqWsV3G3moCpG3p2rz+/0EaVPFOjjfC5O7pkdga89VpQdmdSpqSPI9S0MjQrpwQHiuQ6buCQwwR+grkngEEzGSM8jgdwK9q1uy+3Wl/DsGTEZUb6EGvNb7RpbmURuSeBhh9OprthUuc04WMTVSrQ2NukSpiPfx6sf8BT7a5KCMAjLDAB7ds1Z8QQeTqDRLwECoPXhR/jVSC1aR4I2U7mOD6gVq2ZpG/eXz30ohhJKbQij09TXQeGrBWuRc3mI4Yx+639T74rIs7J9OMCqgN7KMKBz5a5/nXV2Fg0j7dr44Td1Oc8gVMmkrlpHfeHNQYQLhjtbJQsfmI7YFdJ4d0uLyjJKAVY7mPTcaxtL09YreERooYLgk84HtXTW8ckaYMg2Hoo4wPWsG9TTbY3dOtrWNXARMHr7mtWySHIKKAo9K424W6MYET+XGeSw6mtGxu7mONA2MDoM8mtotGckzuIgroQQKoX1uEyVHBqrpuo7xh+G6YrVmHmRbjRUipxMZRMB12npTatTJ8xNQkYr5+rHlkYDMUhp5FRnrWd7ANbmmBeaeacq0Rd2AzbShPapgtLtraMQK7JSbasFfWmFa0shn544rV0e+eymikiK70OQc4rKNSxhRglsfSvoTU+gtL1H+2NFivQR5jDDgHowrd03UGdQobao6mvM/hZrNsiyadK0v77lWboDXYu7Wty8fYnrXk16XLI9jB1lKFn0OwF8PLPlyk47msi61ZvNIMgIUHpXN3moPDwjZ9qzW1A546k81dCFty60kjt7G6a7khBJ3ybQB9DXVJGbaBjNceVF1Zi3T6eprzTRb5k1K1lYkqjZwPWuj1J59RaKKMlst8qg/wCePeu2KRxTbudaniHSLGPyoxcXDj7xA6fUmsDVvGUcWRaxPGf9v5gayNVt7aziaKS6QyD7yoRnP1rlri4jgYtA5+khBqrvqZ2RpXHiq8knMjhIos8MgPFaF94quYtMkZJPMjYdR+hrj5Lks4dlikY9eNv8qfb3LXH+jKkWCeAflx+dc7pq90W5O1jm2uxqTvbXqlomc+XIOduT0+lNZXsQFugXaPhWPUe1bclgLKKWSe2UMDuJQjDf4Gsy+urTUoxas5QY/cytyUP91vVfftXTF8xzPQqNGuoTC6tztnT76se3qK7DwxbySkos6ASDby4YE+hFcfphmsrn7PMgjljPyluVb059DXZ6da22YZ1UJHMeUbgBh1HtzXPXlZG1JXOi1/wHbavZrdWgEV8qbHXPDCvPdO+1WGtpb3kLCeI4ZTn5yvf645Br2PT55o5o0lHBHc5/X3qfU9Ct9VuLTVoVDXdueSvVh2yPxpYaveyY6tPqNm09ZP7J12wVJFLKZgBg7CMbvr2NdHa201tqg2ofs00eOD0PrVbw3bRW0c9vhls5H3RRN1hLfeT6Z5rrntCIFCOAVHQ9K7qi5lY5ovlZlXTv9lZHXDAYI9vWvNfEeqOLmW1Zty9Q1enawp/s2U4Mc0XJPXI/wrymWwGo3ErkFTng4yOvWvExMHzJI9Kg1a7EsJ/PW2DfMgPky57q3SquoaYv7h4EXcDscDuegNacemzRPJb4VSUyeeCy8girdpaNNfqrqcMA34nBq6TegqiuebHw/Jf+JLqf5UjWUsu4dhxU+n+GriK4uJ9pMzYWJeoXJ5b/AAr13SfDKSFpHBLO+Wb2rUTQ0WVzGgJGFAx0x0rqlJpaHNGKbPJbfQZ/7QFwYzti+RQxxzjGa6TQrNEmjSWVRLIx2AjJ9zXeJ4WjVNwQs+CV3evqayrTw/b6ff8AmyStLMRhm2ngZ6CqSfUG1fQ3dKsoo4QGOR6dzWnHbK7eYygjsD0qrZNGpwEZj/dHP51swIHA3Dn+VKxNzC1P7QYz9nkyRxjbxXJyNq0E7v5n7leXkkJAr0ucqiYxgD7xYVy/iWYS2zfcMXo/AolG2o1K5V8Ma6ZJQ9y5Y5wvpXpVlMbiHOQMivm+bVmi1HbDLGzBuFXkj39K9q8E6ut1ZIM5YDkZpwbWjFNXWhvXEZ3HniqpWr1wSxO2qpWvKxcbS0OOSsQlajYVORTSlcbVySHFSIvrShKkVaunAYgXFBFS7aAvrXQo2AhKkim7farWymla0UAPzlpVxnnpTTTq9w1NjRLqK2uYpPnUq2chsV7EL6LVtPjngz5iDDZ614PHtDfNnHtXc+CdWFpMsZu4hC/DLJ1FZVKftEa0qjpyudRO5bIY1RYFW5rc1K1HE0DqyMMgjpWWCGOHIBrnitLHfzKepPZSsgBB6VqxahMqSSNIVcrtXb1H0rHCAD5WqGd3AOSQOwFPVMbihbuYIWOOfVm/mazZLwtkKwPvjgVFcy4YALukPAXqfyqCe2mKhrm6hgJ6I3X8hWsby3OeSSLMDO8g8vzHPqK0IWfeyyJMDjj5MEfyqppSx2pBXWrdXJ6lTgfpWpewefGJE1ixmYH+O4PP4GtPZmDkZ+palI3Vo1XG3JON31FcXeS4lIRtuOmK2dXtL1Sz/Z96d2hPmL+Y6Vy9w5MnUgj+EjpTUbGbdzq9F1D+01hsdQVVdP8AUXe3O3/Zf1X+Vei6LFm3a0vf3bxnD4Odp7MPY141YSBMssKSFeoBO4D1r13wVcw3tnbtcymOWPCwzE52j+63qP5VhXV4m9F2Z11jqCJB5d+TFPEeo53AdD+VdFoWpWkl3GYpRFLuyAvKN/8ArrgNfjJVgh/0hOgHRh6VzsX2m0kS4USogbawHb3rzoScJHZKKlE+nBa20yl41UE4Yge1TZBiHcdPrXnfg/xBLG0S3Em9TgBux+tehJMjglRyecV69OopxPOqQcGVJ1EqNFNyrg7c/wDoNcfa6Y1leSwgl4ixMfowPb2ruwqsTnp1Iqo1pHa3QfbvjfngVlUpKTuaU6ltDmdY0Zri2NxAu2VcEAe3ao9GswIrd34kBK9K7ZbRCpEY+V+eKxLy38m4YMQFzuBFc06Li7o2jV5lZm3pkKrCAAPepYYljkZuD3NZej3fmxHaeB1JrP8AFXiez0GBprqeMH+EVumuVMxs+ax1ysNuWIA9KimayjO+WVQw6BmAA/CvnXxF8UNT1iQ22kukcJODKVIx71ia0+r2MW//AISC2upnjDhY8tk9xntVRlKWyCUYx3Z9HSX9lLc+XDeQlz2Vh/KpbjV7PToC8jjC/jXzl4W1ZZoEuopVTU4zs8t1yXPtVh7bxF4kvXgk8xXB+fapCqKUlPoC5Uer6r4/hnYx2eHY8DJHNcjf67HIXW+kXaR0V81y974b1Ox0okpgZwFzgt/U1w2oQ6hBcZumMfZQDzWKpTbu2bc8EtEehFrS5mAs2ZivOANqj3967v4d6pKNSFrE29R94k4H5V4zo1zJaw7mbCe7ck12XgfU2/t6PykdAzYLdjWnK0RzJn0xENyjnJpjpijTAptkPJOOtSuvNceJjZXOOpuVilGypsUmK41G5mRbKULUoWnbfatIxsBGq07bTsUc1rYY0imlcmpMUEU0B+bdKKQGlr2TQWp7S5a3kBCq3sRVY8UA96APYPBOtHU4lsp4QuB8pq5qumSRysVU4FeceENVay1CJ5HIRTzivbHngvLWKdcmNxycVzV4WfMjqw9S3unGRxSIMMDj1qOQ7iV6Guvns4kiLAgj0rm9R+zIzbTiSs0mzrc0zLkkislJiUGduC5521zepyMCzsdxPetW8Oehz71i3jMMgjIrWLezMKlivBOSeCD+tSSSzSAqJFxnGCMVWjt5XIZWCKeaJPLUAPMXb/dA/WtUcrZClxcWkreVK0TA9UbFWRrckjAalb294nTLja//AH0Ko3T+aeDuH0qqsZYkD8hVJsixuWsNlcyLLp9w9tMDkQzcg+wf/GvQNO8y1tAHjADgMrDuPbsa8707TpPKWZB0+8jHgiu00e9mtVMMa5gcbmgchh+FYVkpI2pux2tvdpf2sUTHbcRjMcnr7GizcGZhIBsk+V0cfdas/TlikXfbM8T+jdKvPDJMd6r+9X7wB+9XBKNjri7naeGLAxONozCw5U9VOa9CsRhAvQiuH8HzqEQOGSTbg5OeK7uEjAwOSM13YfY5K25OMqwIHTmrMZR1wRgiqxbKEd1qJJATsJO4dK6DEuhwCPasLxEcDIH3uMjir08pVlPcferG1WYyrsOCOxNRNJqxUHZ3Mlbr+zLKaTcdwOMZ4FeAeN9duPEGvSR+Yfs8TFQM8HmvZPFMkkej3WCeFPX6V4BoUX23UXQn5nk7/WslDobOWhbk1CHTWEToVYjhh2rSM1vKsbQliWX5wazvE+npcEr0kjYqGqPT0KW0aSHkDGauaSWhkm76l3w2Hj8XRLAcFiHH1Br6rsIkWDeY0E0ijeyjGTXzL8PrZrvxK1yi71jxGvoT3r6LF9JFGiRrjaOSetRKpyo05Lmf4it4okMl0QG/hTqQP8a8vutCbUL2WX7OAOoL/NtH+NetSr57+ZLtGOgwOvuaqCxhKlFYqDnPqT61yKu5S0NvZpLU8p/4R5iwVpkZh1AXAUV2vgbwvp0d3HJhnkB444rf0jQbFJSTCzk8kO1dlpVhbwOvlQxoO2BXZBNoxk0mdRp9uq2yBRgYpJ4irdKvWSgRLUsyZHQVVWipxscstdTGxS49qnlyjc8UwbieDmvLdJRdiRm0+ho2460859TSbaFZbBYZijFOxRTbuFhpxTM1I3So+9TcZ+bVFFFe2WL1opBS0gJbeQpICK9e+HGsPeWjWcjBgv3QTXjtbvhq/fTr2OWKXaM8jNKS5lYcXyu6Pd9UjP2PIXBA5FcBfp+8fd3rprvxDFLpgaA72K84ripdT3SM0iDrXOoHVGoVZ1ZDgHPpWfcRPNwVII9K0pbyCUfd2n3qpNLGxALn/gNapWFKV0YV3H5R9/rmm2Wlz382LXBwMs7HAUeprSntftM4WE7mb1NN1NnghWwtfkgX/WMhwZG96tW3Zzvcc0WjWSAMWvrlfvgOY48+3c02PWHjcGy0+zgQHr5Ycj8WzWXLAwGH+Y9vWruhrIs4ARnUnGAM/pQ5aaAkdhpN9f3IBgMDFuCqwp/hXV2Gn3zKDd28LegeFVP51mafNHZgR2jqbw8SO64Cew/xrsNKtXmiVpSXbP3jz+HNcVWpJM6acU0aukaVHLa7ZIEBHdHHH60260xrQnYp2kcZ5rUsrRo3TfJ83aNR0+tbLxpPFskjGcf3siot7RF35WcxojlGBk2hkOAR/KvRLGfdEvOTjiuMbQis++NlC99vOfwre00SQAjcSoGOe1bUIyjoZ1bSN8SZcEdO9NlGCDUMUgYg4we4qcnPXpXSc9iKY7k56+tYl8jAn061u7c5GAfSqt3EGUHGKaVwRxuuWxm064j4JKkY+or5qmFxpepzGMsAkh5XtX1hc2W/cBwCOTivI/Evg8nW5ZE4ilJY46ZpP3Xc1UeZWPPoddhYN9oj8xm6mnRfa9VkWCzhaKJuCxr0zQfhtaXG2R9oyeoFehaN4S0rREWREWeQD7xHSsXq7pFJcvxMw/hn4Wi0eyWa5UpgZG7qT6mulvbmJpStvtRQcZY0upTPInlvJGsf90HFc/PIUG1NrYHBxkVy15taG9NX1Nu2lZ+DIGC9TwBUo3MdwdVHrnNc5YKTIv2l2K56A8CuhaV1jxbxsiY5YAAn6VjSpuTLm0i3ZXUVtL90sxP8Tf0rrNIn85lYuAfQLivP4t7vk2+MnqTyfeu48ORShVZgAO3FehTUk7I5ZtWud3ZfcGTVpgD0qjaE7RmrqkHvXZZnIyrPCGB4qkybDithl4qpNFmuPEUObVCKVIetSsuDTccV5zutAIqQipCuKbj1peoERFNIxUhpjdam4H5rUtJRXuli0opKKAHU4ccimjpTxQB0OhaoYYzFK3yHpUd/NL5haFjtPesRSQcitG1ugy7JcYqWh3GM84YYBap0kkXBkMaD361HfwvGm+PO01mbSx5b86FYLs6GbUFSIJbkZP3nzzVIThztDZ+vNZwBI6kYq5p9k88vEqqPekx7lxYJNuWBA7EDOa2fD6xxSedKPmU5Hynk9qS20tFXG9pW9QcCrUVvLINhAAHQdMVm2UkdHo8onuwJHjJJGSwwBXqmgWwhiMgG6NPujsWrxPQbdpNSSCNmCg/M+Ov0r2Y6pDp2lx84AX5V7sfWsJxRrGTLmp38Ol20kkrKJCMkk815/qXxAEMpECCQqewzXL+Jtdutd1J4g7C3jODg9TWWyxWqqSpJB6HvRGDuNzSOtj+I93BMZDA6p1OB2r0Hwl490/XAsMkgjn6YPBNeM217FOwIiWRFGMHj8DWRqrG1vftVmPIIOVCHp7VtCNnYhzufWZbaQ6kEYx9RV+KUPHlSDXjXw68cm6gitb85LAbWJ6e1epWkhI4+6fStvIiS6mujZYc4qw0LHgAEfWsiVyBuU1oabdGRTHIDuHP1qosVmE9qdhwAcdq5rUYLaWVVZGJJPbp7ZruPsxmX5QQfrmsfUNPcvhx1pVHYqnqZun2kSQKIVZW7A1c+xSNjK8HrjHNRNC0Q/ck8dQOeK1LJkaIbiQ2OhqI1Iy0RUoyjqZ5sbVGDzw5b0IqQ2kEseEgWNT3brWnJbJjexPrzVC4cgHAYKe/r9Kfso3J9pJmdLYQxsDEqgL1OM1E0YmfbFhsdSW4FXJIxtHnYVP8AnmvJP1NVpJJCNsaiGIfwrTjTjHYlybJ7a3jjcZ2ZHbH9K6fScNjANc1ZxSNhiNq+p4rrNHjUKOd30FaRViGbsLbVGKsRy5qsHCr3FCuWPykn8Ksk0lbIpSmahhbA5qyrA1LVwKcsXPSoCmOhrSdc1WlSuWpQjLUCkRTGFWGHrULCvNqRcdxEDdDURNTuKrt1rnbGfmxRRRX0JQuaKKUUAKBT1pq04e1ADhTlGDxTakTrSEaRk3WWxutZYyDgfSr0LZyDUUkW1s1JS2IY1wwzW5ZhSgY7Bj261jxEeZ8wyK17Fo/MXe+0A9+MUm9Bx3Op0VNwG6NixHOOgFb9hYWy7gqMHPXPJNZmlzxFUSJg4PLYrpYCltDvO3LVw1Z2OqEbklrZxxS8IFHXAGM/Wmapaz3V0sgYnaPlXsKiW7lu5dkAIHY4zmur0nTGWMPLkvjn6VFOq7lyppI8fsI/st5cxzkLMr7lDcggmtQWsU9yEuCvzqQPqRXV+NfB5uE+12nDr0ZR0+vtXBO1/ZORcWjOw6OvNdqfvcyOVxexTt7Oa0uJ0nUDDfKfUVU12VTGqryxHpWjPeX9021LVyT3ZcVveDvBk2pXyy3ilsHJOOB9KcpXlzBGDtYg8D6FcywJcOrIsfIr23Rb7ZZIku4E4watado1vYWCwoihFXB9zUsdkkUWwL8vYHtVq+7KbWxYmmJ8vbgg1taeyqFY8N/Osi1jHkjn7p6GrLS7IwVqk7C32OstJVPQjH8qdqib7bcmNwFcxZ6jhtrHHv61ozavDFFm4kCoO5PFU2pISg1LQoJb7LkOq/Kw+ZRWrbCMgFXyBx0rB1TWLVbOW6tJUlMYyVDda27Em4sIpVUI7qD9K5YQSZtUvbUsvheOWPoKattli74x2FEZS2jLOWMnucVE0xmO6RgqDt612R2OV7kslvG6ERR5J7gVlT2ywvuf5R/sDLfmelbcNyChVQMVg3ipLcsyiJ+f4pD/AI02IntWt/MG2MM2ertuNdPYkiIEED2AxWBpsILD91D/AMBb/wCvXRRAKgGznHY0ITFkc4OWYCmxSkH5X/WoLqbaSCSn16VV81hyGVv900xG/DcEYyatx3II61zMV2c4P5VeguKQG+soIobms6GariSZoAZItV3HWrjCq8i5zXJXo8yuhFZ+lQMOank4qA9a8mcbMZ+atFFFe8ULSim04UAOFOWmilWgB/enLTKeKBMnhfBq8i+cMd6zolZnCr3rrvD2lFypK1LHc5mSJ43IxipLYokmZQX9ieK9B1bw+sloSFO/HHHWuCvrCW1lKyqVIqbXGmdNo+pRxHKhUHrWwdSa4Pyt+JNeeJcsgwuS1b2gXBSUPcA4PTJxXNVo31OinVs7HoOgNKZkLNgZ64r0S0nGxfmBHua810y9SVx5TZHqOgrqrR5EjyzBvxrileDOnSZ1LXUQQggFe+elZt3Y6VcgvLEoLcgqKzvtI7ZpVm8w5bJPp6UlXaD2SLtppOiw/P5QY5yAea2rKeNEAtYFRAeuMZrCgjDEMFOe1dTo9iJAhdcY6DsK3p1HN2M5xUUadtEzxgyDrzUssYyOOavKmxcDmozHnrXox0RyXKjwKE4JyOayLiYxOyOTjr1roguODXMeI7e5B8yCMOvcd6UjSla9mZ15qyxMRHycdK53VtWuJ1ALkIP4c8VBdzXcUjA2pwTznrWffyfuVkGQDwVPasJu6PYoQgtibRLiTVPEUVuzAQRkFz0zXuVrOqW6hHACjpXhvhhEm1uN1GwbcsR3r0k3wjTCOGI/GnQVkcWNV52OlMiGRnnK7G5x1xVVtQLyeXCAIgfvYrHguZg7F5A6NztHWrtt+9f5SyD0autM4GrG5Z3MUcRwfmPc5xThIZGz5akeqrmqgUBQrDj2GRWlplmpkVinHqp4qiDSsIo2AOwKfYVanCAdAf0rQjt08r5OvvWbqEfykHg+9MkybtkQkt5sY9ecVUzv5jdZP5/mKiu2ntmJQsF9OoNZTTI7kuvlt/eT/CspSsUjejlIH7wH69f1q5C5HIORXPxXU8YBLCWP+9nP61pW9yH+ZOT3HRh/jVJiaN2CbpzWjDLnvWDBKkh+VsH09avQSkEA1QjbR80OO46VShlq2jgih6gQypkcVUZcGtJhxVaWMk1xYigpaoR+Zki7WIptaN/b4JIrPPFdKdyxKcKbS0wHUopKUdKAHdqeuScDkmmAZNbGj2BlcEjNAi/oOmmRwSM16j4b0kAL8tZXhzSwNvy16Ro9iI0BxUNgN/shTATt5x1xXD+KfDcbxSsUG7tnqa9QlmdEwoGK5XXA1yGUcL3NaRirBc8C1C1ltZnXGAD1qG0GZAX55716vd6HBcKU8oHP8Rrk9U8PNbPuVSYwe3es2Wi94fnQbVeVVT0HAFekaWqSW48tty9yP8a8bTzYblAsCs2cIh6V6f4buXitEF5Nukb+FRgCuOtSvqb05nQi067RkD2pMCMYAyx61Is8kwCxDavcmr9jZ+Y2cZx1J6Vyexbeh0e0stSKwhd5BhCW65xwK7XTI9kY3DBrMtbQKckknHArYgwi4yBXXQo8urOepU5i3uwMCmSz+Wpzkn0oUBjnNEgRRkDJrsMCFZZJCMDAqVwpXBIJqD942QOBUZKRnJYkimMgvNPgmBJQc1xviHQbdgxhfY/cV2NxOzREj5RWDqGzBJzkjmlym1OpKL0Zxujwf2ZcyRzNgN918V0sV7bKgw2Qw5wO9ZrWL3t0S4OMcVrWGkrHgdQKS0LqT59WTWl5I7DyUyvrXT6cjFA+MH0rMs7NY3wqgCuis04AWtInNJlmzid3BGfwrrNLg2gblFZOmpsIOK6W2xtBrRGbLiIu2qd9bqykkVejYUSqGWgRxOpRNGGwMj0I4rmLqFXY+WNjf3D3+lehalbggjAwa5LU7HnOeOxFRONxpmBG7xOcEqw4Iq5DMrEHhH9R0NNkVT8kvbo/cfX2qBl8tsHH9DWW25RtRXBONww47+taltc7gATz61zME+MK3I/lWhbzFSBkVomQdLDLV+GWuegnrQhm6c1YG2j54pTzVGKWrSyZFNoD89tUsirMMVzd5AUbIBr1/UtBaUM22uR1PQmBb5eK5ZVIwdmO6ODoq3fWj28hBHFVK1TTV0MXNOFNFWrKAzSDjimBZ020aaQEjiu/8P6Z93K1maHp3KnbXomiWIUD5alsRsaHYhFUkV0iuqLtqlaIEUKOKmmRVQlnApJagU9U1IQRkA81zMt88zHPQ1X8QXe6fYkgx61TguIo4vmOT3zW60QGtbzqZAG4X+darW9vdwkMoAxxXGy6kCw2ADNa2m6mu4BmyfSuabsXFXFn8MBpPMjUED1qTTNKuYLrc6bmbhM9BWxDqLOwWMcdzW3Yyq5A4LetZqSY3dEml2Aij+Y7nPUmtqCJYx0wKghkjHQ81ZVgen5CqUULmZPG392pkbvVZDx61Ip5ODn3NVcRejkxUnmAjms/zAvA5NHme/4U7gXJfmyM8VVZMfdFJ5uBzTRMKaGRSo5UiqD2LSPl/wAq1PPT1FKJUxn8arcFIpJZhAMAVIkRDfLxTjcjzNvanrL8wP40WByZat48HmtS0XDCsuGTLcVo274IzVRJOhsyOK17eTArAs5cGtWGTOKtEs2InHrVgNms2InA5q1G/HNAFfUFJBxXL6jGwzk8HqBXXXIBQ1z2pquDR0EcXexlZCTmoEbI2N07H0q9qBBzjt/Ksw1i1ZlXJN21iD1q1bzdieOxqoTvXd3HBpA+DSGbkExBwa0IJ+lc5DP09RV+GfB61pF3EzpIZ+lXY58jrXOQz4PWrsdxgdasR5S+lK4xt4rA1rw8HQlUrv4VV6W4s1dCCK+czHng7oyTPm/xV4eKhvl5rzm7t2glKMMYr6i8TaIJEYhK8Z8XeHmDsyLzU5bmN37OZqmcDBEZHAHSuo0exyV4qpp1iVfaRyK7TRrIDbxXv3KNbQ7IDbxXZWSCJB61kafGI1Fakb1Ii95rD7vWqd/50sLEtgfWrdvG0hz0FYvi3URaWrKGwfancqKuee+I7v7PdFQ+Tn1rN/tXEe1mJ7msrUrhp7p5HJ68VTafA45qr6Ab39stjiKrNpq8u4ELtFcmJZWf5QTWhaea2PMIHtWbimUpHoOla8C4QZY11kGrMuyNcCRu3pXmVgs8UYeJf3jfcPp71u6Vb3AZcOXuJjjnsKycUN6nqWnXHmJu3fKOpPetOO9Uj5eE7t61w9lcu7iHeRbR/eb+8e9bVpcfaH3crEvanexNjpku8gFuF7CgXgZsKePasSS58xtoOB3xTZboJ8q9B1o5gsb32tV5JpPtg559zXNS3mCoyc+lJJdOFZF796fMOx0Jvgx68dqia/PNYUcpAzntTmmJzzT5gsayXTHdk8VJFcsWbJ4xispXwvWp4GJquYLGgHO41Yhn3cd6pggnHep4hg+9Vck17VjnJrZtcMBWJZv61r2zYxirixGvbnBxWpbsRisiA9xV2GUrWiJZtQycYq3GfesaKctV+CQ96YGg43IawNUtyc4zW7G+VqjflQDnFAjh7y1wxJ6VjSrtciul1eZVyFxXNTMGcms5oaEXAPseKjbrQTmmv1rMdx0b7TyetSpcYbk1SY1E0pDUJ2A6CG6yOtW47riuWjuSp61Ot4QOtap3EXr62fTNaurOZceXIdp9V7H8qubA6CvQvFfhmHXI1lRhDexjCyY4YejVxMumXmnOYr2MKR3VgQa5cZRVaNzJxcWY19ZiWMgjmvPfE2jxnd8oI+lepXA+U1yfiCJTG5NfL/VHGrdFJnid7pSwXRZV4JrW06IIBxVjVR/pBGO9Ro2AMV9RRvyK5ojSjf0q7A/TOKxhLgVDdagYoz1pylYuMbnS3mrJawHB5xXl/i/XGuXYA5/Go9Z1iRywycVyN3cGRzu6043ZcrJWGM7SMSacsRbtTI1YntV+3AUAtyat6EJXC2tZWIEYrodH0QyzL53QcnntUWmseMAAV0dkGMb4OCRiuadRm0YIsR2qO4AdVB4A9BWvDbBYiY8iSX5VP91B3qlY2ZM3UcAmr84kGSjAZ+UD0FY3b1LZYtI/uxRrhc4ye/vWzGyrHhOF6A+vvWPaiRE+Y5LcD2FX4gSc/wAIHAq4szkWJHEa4HX+tQeZjrnAGTSuvzAdcVXnkKA56k1ZBJvG7cTzQsuSWNUZGOOD2qRNxTP4AUDLXnbjgUIzFuKSCExrzyT1q2kJxnjFMBsbtjFXLWXmoUiAUnHWpbePAqhGgGyoPerdq+5RmqkYwmccVcsgG4FWiTStR82a2rYAYNZFqNjbT0rbhxtFbRJL0BwOKnDkdqpq2BUqPViNCB8nNaNu+axomNXYJDxVCN2E5FQ30O9DUdtJ0qxPynFAjjtXsgck1y9wnluRXa6rGzA4rj7+Eq5J61E0BTJ44pGaoy2DQTmosUI55qrIck1M54qEjc1FguQliM10fgTQn1++uQflghj5cjjcSMD8s07QvB+paywZAkNt/FKzA/kBzXrnh/RrXQ9OS0s1+Ucu5+87dyadgP/Z');
INSERT INTO `mascota` (`idMascota`, `FK_idCliente`, `nombre`, `fechaNacimiento`, `categoria`, `raza`, `imagen`) VALUES
(3, 2, 'Mishi', '2018-04-10', 'gato', 'Persa', '/9j/4AAQSkZJRgABAQEASABIAAD/4RPSRXhpZgAATU0AKgAAAAgAAAAAAA4AAgIBAAQAAAABAAAALAICAAQAAAABAAATngAAAAD/2P/gABBKRklGAAEBAAABAAEAAP/bAEMACAYGBwYFCAcHBwkJCAoMFA0MCwsMGRITDxQdGh8eHRocHCAkLicgIiwjHBwoNyksMDE0NDQfJzk9ODI8LjM0Mv/bAEMBCQkJDAsMGA0NGDIhHCEyMjIyMjIyMjIyMjIyMjIyMjIyMjIyMjIyMjIyMjIyMjIyMjIyMjIyMjIyMjIyMjIyMv/AABEIAMQAxAMBIgACEQEDEQH/xAAfAAABBQEBAQEBAQAAAAAAAAAAAQIDBAUGBwgJCgv/xAC1EAACAQMDAgQDBQUEBAAAAX0BAgMABBEFEiExQQYTUWEHInEUMoGRoQgjQrHBFVLR8CQzYnKCCQoWFxgZGiUmJygpKjQ1Njc4OTpDREVGR0hJSlNUVVZXWFlaY2RlZmdoaWpzdHV2d3h5eoOEhYaHiImKkpOUlZaXmJmaoqOkpaanqKmqsrO0tba3uLm6wsPExcbHyMnK0tPU1dbX2Nna4eLj5OXm5+jp6vHy8/T19vf4+fr/xAAfAQADAQEBAQEBAQEBAAAAAAAAAQIDBAUGBwgJCgv/xAC1EQACAQIEBAMEBwUEBAABAncAAQIDEQQFITEGEkFRB2FxEyIygQgUQpGhscEJIzNS8BVictEKFiQ04SXxFxgZGiYnKCkqNTY3ODk6Q0RFRkdISUpTVFVWV1hZWmNkZWZnaGlqc3R1dnd4eXqCg4SFhoeIiYqSk5SVlpeYmZqio6Slpqeoqaqys7S1tre4ubrCw8TFxsfIycrS09TV1tfY2dri4+Tl5ufo6ery8/T19vf4+fr/2gAMAwEAAhEDEQA/APTfN5p4lUd64Y+Jkz/rBTf+EoX++K83kl2Og7zzh/eo88Dq1cIPEwPRs0v/AAkLMRg0uSXYZ3Xmg96XIPpXFx64zOoJroLO881Bz1q402yW0tzSYKT0FNaONh2rPuLkx5JqsNQ54NN0mguX5bBJOgFUpNDD5wMCpItQPc1ej1GPHNTySHYwZPD0gORmmDRp0IIzXTfb4fXrTWvoMcdafLJ7oLowo7WaM85qyjuOtWpbuNunFVJZl7Ucj7AWkmXHWpxIGGM8ViNPinLdsOOaPZsdjaCg96cMA461j/bj6mk+3nHWpcGhqJtuVELAdcVwWpHOqS+xxW/9vJOM9a5qeTzL2VvVuKiSaWprTVmZ90f3/wBBUWeD2qS65maogML8xyazNQbtRQTmkoAUHiikz7UU7MCCHR3bGc1dj0WukSBV7VIIwOQK9O5xKLMKLSFBGRxWs1np8UKiUAORng1Z2/lVS8ZUkXp07000S0xFsLdwGjlB+vBrQtWaD5TkelZqMHXO8fgKnjllUAk5StLRMnzGk4ec4PSnpbInLdarw3Wc4bNPa64q400Q5tFoCP0pwZB0AzVSJxJ93rTpGKd+KpRRLk9yyXB9qaX4qsGJ5pN+DljxVNISepM2MZqNWBJ6ECm+buVsdB0qq8jCQAdKnlLUmi9hGPYUhjQdqqRszPgZzVjJVcE8+tJwj2Gqj6CmBD3qIwKOd1Me5CZBNRRF524OB3JqHTiUqkhZIW6gjA5FZ66fKzs7AKpJ5NaRuIolKxkMw6k1QmuA5LM4Oe2c1jKjCW5vGpJIifS4W3t5u5uwHrWNKm1yOeOK0ftQjkXbtBJ6VFeW+Zt3qM1hVoxivdRpTqO+pQop0gC4Uc/SmMCBz1rlaOlMZuIopKKoDtfMHtR5gx2qjls8A4pwJ/8A1122Zy86LZYEYyKqahEDEsgAJQ0vz54FWre2MoPmA7e/vVRRMpoqW8bOgd+M9F/lVhbdnJZzkeg71djtTncw2r2Wlk+XjpW0Y6GE5XZnyRYBCrnjsaiWVwRHIuUPRs8irkieYuAw+mahW0c4+bHtitE7bEOzWpdsVzHnHIp82KfCvkx7epqJ+XyapGT7Dc7VGarySHrUzAvUMiYyKbEkLHll9BQy/wAWOgpEyEIIx6VMrBxg07aE3dyWGMRRg4yxFVrpyoY1byQmKpXMZcH+VZvc1WxQeZFHmSNhew7ml+0vKuFC+WP4R1qlcRt5itJuHZMHn8qsRSldoLk56bhUSNI6CyMY1DLgoe3UVQnvBG3K+9bAbcMYBPpWdeWDMpdOccgEdPb6VJopdzKN4spyu4c9MVsPCsyBizDgds1iQ2jPcbUUo2eVPSuiVfLjVMdBis1Hmvc0qWjZxMmWDYflDcdzVVlx1Na08T4JC8noetZ8lswOXYZ9K5alOz0NYTvuUz1oqf7OW5BorLlZrznWqoYZ/WlWLJ+7kfSqkUMkXKsw+hrQikmAGXP416CscLuSR2hzkqQOuTxVpSkeP4iOnpUCtI45b86mAwO2asgjuJm/hzWe80xbkEj0HUVflhDHO4jPWofJQA/M3409wK8cXz70kK/7Jq6rDHzDn1qJioxnNSRsCv0q1oZy1JSxXrioky7Z7VIVDA4P4UkXyZ96bYWuD4Wqcr/vhVqYnJx0rNZsyYJ6Gi4i0BuOTTWBB9KdGNw9qSTrjtTTE0TKTjk5oOCcH9ajiGOM0k75UkdRxQwiQThXyOOnU9hWNLFLEdyA7fStNy+7Mce5iOM1UuLe7n++6hPReahq5pEghvo2+Xa4xxlW5/Sr0FyXUDIYerDBrOe0lCjbbFj05GeKEivUBLKFXsAP/r1D0NEkzW8iCSQPsCv2PrT3gcYwvArNie5+0Ju5HftWmsxGBzSTuEiB4pOyGqVxbyglmIVfUitRppD3FVJgzAll3UpRuEZWMcu4OI0LD+9jrRViSAM+SxHtRXO6bubc5tC4B9KkSXLAE4rlRqRjxvNb+jypeSDCuyj+LHFbxV2ZyTS1N2FQQCTmpHAA6VKFAUACmshOOa2tpYx5imxG7p0poBJ3dhVtoge2KiaNQcjrS5RtkLqHGOlNBZDjoR+RqTC9M801znqP61RFxhdxyDwOoNSWziVGI7GochgQCM9qks12I59TQwQ6Q4X8Kyh81wx7DtV+4cANk4FZ1py0h65NQmVZGknbApZAoG49BSRE7QD1qHUTiJR0BPIqyB6sm0kGod2Q3c+nYUIpRFz+VIVGOGIPoKdwsISELNnnHGKg85w2CTn0xU4RiOCcemKaiBf4ee5PU0hp2GLMx67sDvTGuIFI3MzH61JIhkHCt+dVjpylskc1DRaaJRcQ/wAKgVIrgqSBk+lQiyK9KspFsApDI23DnFREse9XSm5DxVZo9re1AEJCk/MBmin+Xn3ooHzM4mzxdTqjbzz2r03RbWK3tF2KRx3rg/DMCyXKuV3Y9K9KgBEYGMcdKUNC6kmyWimscCm7vetOYw5R7dPWq8zbVLHipwrE5PIqOdRtORRq9gS7mFf6sLWNmKjiubHj2J5HSO0lkCHkjgVqeJLGWaylMGd4BIHrXl+lTGCWeOQEHPIPUVN5dSm420O/XxrYyTKkgkhc/wB8ZH5109hqMVzbgxyKynoQa8Ycs+oqQTgA4rX0rVJNK1CFUcmGVwrpnjnvSbYRabsz1OfDqc96qQx+XKQOhq0oL2Ibv3qJY2Jyf4hUXZaRbiOfmxx2qO8CsFJYfLzSb2C4XnFcJ4w12X+0ItKt5SgbBlcHk57VabsQ0jqp9asIGxLdQq3oXGaRNb0yQcX0WfUHpXml7brb2zMuCcd6safIJNOAdEAHzZxyapNmbkrXR6hDPDMu6GZZF/vKRU8ceTyc/WvOfBNvLJPdSqziMPhRnivS7VGCjIpp3KZKkC/5FI0GOgqyq4pSB3FMRTMIA5FNMQ9MVcZKjKelAFTaOmDUEqD2rQK9yKglQHrRZFcxQxRUxRc8A0VFh3RkeGoFBUiHYo6d67IEBcVzOiTxLEqxqioOAB3NdDksM9qSKk9RWNQl/QUMTk0AE1N76CLcLAKBzzTJyr4ANM6DANM381abAjkt0kGG6e1cR4l8Ctdv9ssXCz9+PvfWu+BGOuKUMMYNFxWR4fdeHtZs3HmWLOSPvKeKqx6RqUt7D5lu6KHHOOgzXuswXuoxUJtoGQsFX16UhqyIbdRHZxIxzkCgt82OOP0p2N+AWAx0FQMoWTIJJzzTSuKUrE0gWK3kcEZAzXh181zf61czRo8km8tgDOAK9mnmVoypBIYYIFVLDw7Z27+bBEAzHO7vWnIZc/c8t/tFJoNk4aOQDByM5q3Y2V/qu22soHEZGGlZcKo/rXq39kQg7lgjznP3aspaGMDjn0FDihK3YytC0WLSLKOCMcAfMT1J7mugiUYGPyqJY9vQfnU6Dviloi9yXb70Fc96UHIoIzRcBpB/Cmlc1JjjFMIINADCv41C647Zqwc9qgk3EHtQBWKYJ4op23PU5ooAzNCtfJij8xQHPIX0FdDjAxWXpUXloWZt0nQn09q0w2azNGMYA803IUcd6kcZ+lMZcLU2sxtjWfCZaq5myeD+dPdSwzVSVWBPbFJyBK5ZExzzjH1qQMSoPT6VSjYPxnn6VbhhyRlSR6VSdwasRhmllKBjx6mrAtikZJJJqZY06+Xj6UhlAG3acVdrEXucNe+I0g1hrVFLMOoJx+AqO516YJkRbVx/eArV8SaDFfW7TRRqLhPmRhwcj3rg7MS+Ir8WDwsoSTc5zwoFReSdkbRVNxfNudT4f1lLy78ltzljjHXb7mu7jiVUGBjFZGj6Na6dGBFGqkdSBWzvEmFDFa3W2pyySvoKrKDg9aG+XOeRTGtg2P3xJ96jNw8LFJEOOzAZBqZNrccVcmXAHFPABqBXDDI5+lPMyr14qG7miViYcDrS1WWYE/K4+lTBwVqk0JoViR2pCc0bsikB5pkij5hTHXIqQAGmN0oArEDPeipqKAKFsq20SQKRuAyavx5IrBsbhpW8xj8zc/hW5Ac98iszQmwF6VE27PAxU3HYYppwDk9qdgIjGzdT+FQPAoPOAPerZyehxUEiZBLNS5QTKZCo4xjPrWhFKNgwCT6mqbKqDOPp6mgTupCrjce3pSWm43qy4zPty74H0rPnuNh4JPpSzXZXg5J7Gqc2ZBzTc0wUSre3+FYhskDoDXMaW72moyzlCplbJIFdStrGRgL0pv2OLfgiocmWkupatb8FQfMz6ZrVgujKARhvUCsJrVR0FTW8rwNzkirjPuZygdEJkGAykehoJV1+VgfrWat6pJQ5PGeaabliBtA56GtOZGfLqW5JkXcoG1/eqaqWfc469x0p8Yd2/eD8auJCAO/vUpXZWwkUEZHGKsrGoFNWMDBHbtUhVh83b0q1EhyEMZxkUwgirAPy560nGD2z61VibkPbIpGyRUcrFHGOlLuOPepKEopTyaKQznLKLc6sxyB2HSuhg+4O30rn9NYy7dowo/WuhQbVHrWZoSE8Uwkmg+mc0AEfWnuA/pwKYyYHqTT1HIFPfBJ4q7GZSZBuPGT61E6eWpz949T/AEq4VwScc44qF1yOaUojjIzJR8xJqnJMAuT+taFwuMn0rCugSzMT7VzzVjeLuTPqQj4C5qqNSkM5fbwB0qBYi7Y5JqSKDEmwRlie1ZqUjSysakF9HKgYowzTvNZnwEO09KmtdO2jcw+b09K0I7ReO5FbRi2ZOSRnJDJKgdCQymr0dr5Yz/e5xV+K3VV46UjYL7QOAM1qoWMnO5FHwdp5OM1aBxj6VXRfmJxUwPC5qloS2SBvw96kD+vSoR6dqkAAq0Kw2R/LOR0NKH3cmo5xlKjiJ+6eam+oWHSqXBwarbpIyA3T1q5TJEBBoGQrKAOetFQOPm70UgM/TVCKqDAI6j0raQ5GaxNOjKhVJHArZDYwoFTEqRKB3NKWApueKjLFjVEk0bfNnNSZywwarBgin1qSN8Ke9F7MCQ8kmopFz9KIiWOD65p7Y/Cr3IehnXS/KQBzWTNalj0rcdd780x4AevasZRuaxlYw4LfZKMgfWtO1swrFiKa0eWCgVox8RH1pRgkypTbQKhOFFTBcYFNjBzmjOZuvStUZMlZsLwKhX5SxI6mpGHBJOABUG/dJhabBImQcE+vamu2xhT8hVwccVE3z84+lJqwEofco9acjnoarg4IFOD4bB6Zp3GTOemKjxg5pT6+tJuC9adriHbsCms3HNITxmoGlIzyPpTAikb5zxRSFS53ZAzRWYyrZRGJQSRk9cVoqS3NZ1u25uGBA61oI4PSpTNCUnHFIwxgUA/N9aD1NJu4CAFqmQApj8ahyQuPWrMa4j56n+VWtTOWg2FfvMeKHI6CkkkCAKopAflHqeapMl9wwKZJwtPJwM1ExyM96bRJEEG8HvU6riPAqE8+1SAlu2B2qDQlU44FIGVAWJAz3puQBjvVaWQs3TOOgp30AldvMGd3y0pZYkO3rUSbs5c9uBSE/KSe5pXuA5JTnnk/Wpd7dqgjIyCOtWQARk00mwGN0zTPNwelTYBBNVJW2y+1DVhFpZMj3qOUkcjrVfzNmDnrSCcscdqLjJvOLKR3qCTOad2DYpW6A4zTvoIjAcjjH40U4HA5J/KikBS0+NViXA6mtROn40UVkako60o5NFFAAyjOKsOdqHHFFFXHYiW5WySRk9akJO/HYCiirW5D2EHIJqMjNFFUSNxzipF4IooqXuWthHOc1AygDpRRSe4xoJ3fhUczkAH3oopAPT7tTqxKZ70UVURPYcOVqpL8zEHpRRRIUSnIT9nk56UlrKzQqSetFFR1L6F5Dj86eWPFFFaIzZJtA6CiiimI/9n//gATQ3JlYXRlZCB3aXRoIEdJTVD/2wBDAAMCAgMCAgMDAwMEAwMEBQgFBQQEBQoHBwYIDAoMDAsKCwsNDhIQDQ4RDgsLEBYQERMUFRUVDA8XGBYUGBIUFRT/2wBDAQMEBAUEBQkFBQkUDQsNFBQUFBQUFBQUFBQUFBQUFBQUFBQUFBQUFBQUFBQUFBQUFBQUFBQUFBQUFBQUFBQUFBT/wgARCAEsASwDAREAAhEBAxEB/8QAHAAAAgMBAQEBAAAAAAAAAAAAAwQBAgUABgcI/8QAGQEBAQEBAQEAAAAAAAAAAAAAAAMBAgQF/9oADAMBAAIQAxAAAAH7V8D2WLkkEnFTu1eVMR0SM4zRChbVuTWH59P0NOWZjlDiQhfp84492NGmSQcVIJLH2W/zZOOdy5oywXs3TqMwfGdq3AmCkdBAqA6W5L9KluBw5c6dOIPAZ6suNMYgscVOOPQfR+bQg5tuHZhzSpx6v1RN33ly6FLsnHbY6MOJ5yKACqizlR0HvnlCnSdz2PlDPLw9AI0xyCxUg7XUYX2/ktDQ0a3Lb74VJ3PRc8OYzutN3rdMtsist3lO+Il0PNE2i93NJdQpSe05oCavRaVMTweu3GApHO49Ac77HTyOlat37Hx3XZ2mcsOV65N5MdwPPWuO2+stTAls56nHdZDK5Tp7XCzq1F+hOOe5c6X5BUvDtPi4upj3rB+X78vzVs7rwryFV9C+t84nPdm8nbuWR1xSvJt2+zdvJvqVa53BuXY6cD3LFVI52RAjqZxqVB4WFR+dx81zWqCOa1465nh9K07VA53GvpP0/HxJVlO+cfqXKOX8kuL96OnBrea28bcLBpwvWJOKLZ0EMDIZpzovzucKh5VBlwNALZufPrZniHl9KvlsDnoTobv6D9Px8SSW74W65p3xo+jzsbEW4ioqaXUdzrhLrmmxDlQNEOVlMhFGpWQxjCKrMemGjbi5TCleJer1lvAx1HM8fqS8PqW57A3231/ncXLEbmpSRuuWqzD1NcVVo50acOdTVZVyJ0N2Bwe0TRwy15WTxjGUu1E4MibfO8elKPp9Z6fDbmacPRm+b0Bl3Th7f6fhk4v3w31zp7l6EMxLMVGqcaFZE66iZUN3OOO0XVu8jqVMw7o0tjKAMt1ixqceDBXWdzZ7qAWV46TlXNjePPT1Xv8AG93wbrlncJqoHWfgAxQx1Iu8FpoZuwzuLNzsE0ZlKqptYhUMyWE4386XV0TTDjSQygvx1kyvk+KnpPdBrT9Jn65YDghYrR3U6uGAmqnZUiaLM0YHAWhVk0dKudhRZPNVBS0GVYkJr0FY2KC4px0lGvqes4Js26ct1ThfkIoErJTemHEskJO1skrXMQ0BsoD2RKgZUM05olrSTira4qX3JBlAeauqzEUPSe7aLPfVJ9KchljqyjcEyoMO1mVEm5Bo1k2yxmsPpds4oJNvlukWAqlSZDnCxxVvnPN6neuPT+iPqaw5gTlKOROaMqUBlAoWVs7NzDUtFxlDHHSAJJQu1bAJW4sMhy4qCIPnUPpv0l9Yv4dbqXOeIbViwsBUq4AoKe6vYU9y8Jmuxq0hMRClSApQKEObBB2bWVbANLdum+Qw9/0anl+iX8xOuOOJBTorz1gzr4LinjvR5nc1w+kyps5wBiirqTlsGeXMAZRcs9As+i4MHAiAZDoSg01cqGT5XD0/XKR9L3O1A+UcoTvTkPVcWXXxfl5zZMsSNONftXPo0OprZ6WUutDw2vn6S7NK0UovcPX9H2OpUckgGDKkAxXOl5V+ecen6r3DWcjAkDAxTFOp57nyh8PkjFxPK/aXo9vsaYGTsfzuq5byUjhWqK/cD0NjxYsUOKFSAIAXPE+b2fSu5NAgIKRzsx0XBsqYbfnR5oUV+yJ+gYsM18iG0/NEbaNomNA+oN9cx4aLkHFCCCAQAXPOx9XsHFwU1OE0H7cULli5QWKC5UVtE1Yo6x8bmxIGWZlU2DjAQ4pJeoRBAMUBnifN7Pddy0BeVKc8krzfoMEEOOIFggkBpEXolmsbN6Rui+ulWmLNtGtgqPWccQDOKC4E8zH0+xclBzpTjmKc16AATd2nTOlQ7H6y8LOvhIevQerAr4vot/D9BrKJpysgy8b3LE2zkeBkEFyoEAeejf1RYgFN3BcWUTdECh6yevC+5cy51+Seb2eeen1t/l/UfX5dTcAClW0LlqpIY4qGtnI8DLElQZUw432AxJxQFIvlFnS2HKy1OsLWQtxOVa03zs3yHl9xs1diZjNZXFJ1VjZjCTaDDGQ2x6zicWOBFDLjdkeCAwJYkAKSrTuerbK9BmXJnc1883zMr+xp5NzedO0dLcJu3pEMrIxKKua0axLuWrPimBzrfFShU8pG+2aAZkFGyygq1eVO74LuWFW56mdLZwFQjiGOWluWifcCAWtHG7RPojCpkqMUK5qMqXJKnhY39EbIWk466pPrupT1yGdFs6BmjlSnPSKk5zTcMxQa1GKEnWkfcbG9x60SUXSLoZfEENQlSpck8XG/ojUCdh4ryLWXbzAuCnSnPaMqJ89KzqpPhVVE0LS1tC6w2G+udG0SBqxbLE6tUTJqypbV+weCOKBzycb+iNM4oXot1IzmugMhq8qKc9Zsq4UbIQ6oqRN23G3eLtjex0Kx7NEcMFi2r1XwrIuNa7tXgrhU8vG/sKY1ieUk0dszua0V6mLjoXOqyrlc94fmqlCrdNjrPSV8ujXD2ixuHrNKVZxYkuW6F7SBmVwfV9d2BMhjDjf0FJt9cWLlSg0VoneK7yKZfKZUa50brZrho2jo2kRhglZV3QSpbBdymaPR+1eB6hYpPO3b0UYPNz5PPRv6ek3OuLnADguD6CFrONxWdEo7TKLtHnW3aPMOUDWnTKDmnR6TFGi4UtotFdyHMu6sE5Hz2lNkSv6LvgnXBimbUtuU4xjoHTlZ13FeO5za4SzaTpo045jOlhmgMyo5RGKzSBLl9EqGUxfcUzV5CGVxfX7Hzgje46jlSk79cssAO04B1zU4HMtlOzWyoSqJh9g8DYTwTRDjgZOj0Vwpxl6chdrySAjfR7N4tysDI7X6k13x2KZte5x1naEClSuawQEoBwV56NvNQUxaGenHMV52hckGU1fsOaTIjfYGQpcocd3LR9EgcYpz2z1xTvK6oC47jnomC9B4TxE6npKgENpuqXM5wnKqhALOj7ybU7gyTG8/o2hkIWICFqSN1ykEOrPtyQRUiVCZt6gzDwI4qLDejVWSvhKVVQTc+VdWsWdw1Z1DH//EACkQAAICAQMEAQUAAwEAAAAAAAABAgMRBBIhBRATMSIGFCAyQRUjM0L/2gAIAQEAAQUC3ClkTNxuNxnvhGwdSJ6dMs0mSWhJ6GR9nNHgmiKkittEbCEjJuMG0xgwiX69X/eJP9z+v32R9wj7lH3SPuUfdIerWfukR1KYp5HM82DznlPjIVcR0RY9LAekiS0iRKhI27TceUVorTynlTPMkO9Y6rLOoXqXtdn+D6oPqh/lT/KH+SZ9+5Na1402ry6bMljJ37T7kVxHUkdXgWsR94h6xEtUh6jJKwlIdh5cHlPMeYlcK7nWz3ajPDIxSM/jGqTI6WRHSMjpDT6FScukRw9DIqodbomTuynFzIUCqweNG1HHbPZ9sI8Z4h1niZ45Dg8f21ZsVcpJaCbUouK7s3ENIhaZIjpxUEI7J3XW767bICtUzGBJCikZN/O/jcbjeOQiTFLB5BW5N2TODeeVI8go7iVdVUp6jaQ1G81cMSGsIfZRMGOyLZYnBpyaiRUokbEeTA7SNuSPJM3ZOT0SsJerHzkh8j9VLgd2EpbnGuNSlqNyctznNIldh3R31+MmzA+3BwZP5g1tf+2Ao4Fum/FtHJwIWxtVS+cVhT9R95JT7ZbJxyKO6cIKCnLmc+F83566FOW88iZPGW01Nkd0qZ1TZKpwJSz38p5TyG8UzU4tq0tGyCi5ihhOJPYSrWaFus/k2JEmMj+3o2lCxKXJbwS5ldqtzrTQoSi7KXMug9t2dsJORpOaLFklBE/iN5H7YmI5MNlFOR1OyWzapGMk6219qUVbByP62bSSwYw3yoyyJEmTjuL4tDgoOGIqEjcyyjymordUq6VZKqHirfJYnh0Njr2nhybTaKGTxFdQoZJSwSvwO/c7N6KbDbkT4b4zzt7Wvn+JdoTfZkoFtMczcoOqWRbiFyY4QuFoPFPHGBl0sDaxuUCu+EhLcKhipilmMTdKRMmkOncQU0ezlH8nLiuO49KT5seSLz2aIsyS4JTFLcT0/F0UnCcoFNjkQaYrNr2wkeBD0+SVEUreG6kmqSEeY5FnMYvJOCa8MTxQOD4kXlcSUokPiS5UsjeSHpImYIknkk+ZWSLab5nhdRNuJi+csTzU7Fap8eQbbJZLB1I4MoUiPIoDQ89v7gaw18Ry2nlUlD5In6k/9lcSJJGBes/LGHA8qN6N6Z8meFsVKTwejPLkOSY6zyo8iZCfNXPaRJPIsdliSxs7WYRo3ujLh2viPysrIoZ58yc+FLDykSztfxe2R+hPV7UtVkVzZCbzjLlWY7ZwLUYVOpjI0Mq7XFYTQ484Ng4IwPgb7WLjSrarC5/DTLE4fsnk1HFVS+Xo2cNG0jiI2kTWT7dM+3PARrwJYMcSgY42jtczQ6aeot0Om8UMY/DA0PaOaR5EyQrclLWyTL4tqn4uJBGp5r08dkDhmVlYMZFVkVOU6jxo8R4jYYJxGjBXKW7o9ciCxH8JE+FfPB1XqM9MtN1HW6kfU9Zp1o/qWcjQdSr1MN2Sfvbia5fosmsavq2n0cpfVNBV9T1tR+p9Nup1Vd0Y4Yljs4mwawYGmYkSRLtpIb5dNSjXH135EsqfrU17j6jqnSul27TWS+Ojzsq1U+n2dO1C1CvWGk04fFuZ9SdWfT6NPQ7Yaz/VDpuol4+rRUavp/TuOkpI+ku2Bo295EojSOnaKUTRQ21jfeuTbwW8Eo5XVenQ1dGr0lvStRKxTVTdcdTduPpSzy9PtjvHBElksjth1/W/e9R6dfuq1kd8dJiqqUZ9S1fT9KqaYR2iXZ98d5IlA2nTK3KdCxHI2SeBlbaip4U5bmYya/o9Otqv+iuJ/S+sg39N6g6BpvttJuzJsg0dSs26N1yv1FvTdXoLPPdIo6Xr9cdI6HDpsIRUSD4j+GO+CRgwdPlCtVy4Jd0sIzyu2eGY3HgWP+ZsZKvaKRfGOohT0SmprSR2eDa41CgJYF7XHfHZ9sjkTy3tOnbjTV7YjXaJkbMm7BuNx5okppuFrL7PGR1eSVyiWa+KnCHnVVbUVFGxDWRo2oS/J92iXbp9H21df69s8t4ETmb8mTcZ4ungqhuSrUY/UGrlo69D1G29WXXSLde42dC1VmoIrh8CsGjPJn8Zd16JdtDW7HkyMwNDGiRFtm0hDIo1iribkavTwvj1XQLpmqv1sNRR0X6fhGvS6aNMZevHax0TUo38ykn24GzcxPKbwN98dn20MnaZ74HyYwSwNMdUinkhWjEU5yijfEdiiuoePVafpPTorqNNkMRs3CiLLPkW6eFrVMoGMKy/B5JMjKZFv8UMfaO3T11iXZm1mw24HHBLESMvkrHI2bnNxgW2YLLsLW3OVdNU6rNPqU1G9FVisISkK8U4yJ/FSuViUJIrwR2mOzgYPXdrtC/zWVy4hyY7YGNslFscDCiK7avO2WWoslk8O6T06PtVlaZRXi2umzDruyt6lHzId7Et5CsUDbhsi+8yU9ryZGU/6o6aTmoLtkfqI/T9P4mw2ubtfC95R+xxiU0pG02IXBXP5QluIQIw2iRjshrDTz2yWIjJGe1NeXVwo9m++MklglwOO4nwpLJPhOXxd+CWskeWUrKtbLctSSnIWcy024jTxsyQeT/zkz2yWPa1LJkcckqmKQrCmSS0/KXHb0eu0Bk48SW1SJonwWSzKWW9pXXzCpFem2xVHEdOKslwpLBAT+J7MdrVlQl3aJxwP3oY7injs2Ix2j6GuJIkiayXosXGxsqoylpnY9PplXHYkRiRXaT3TmKPH8jyu81kawL12nyS96f4qvhI/vobM5E+P/Uu0kSLVlzq5dRRApoMYFHL9ESTF+2ciXEyMjdkTwZJe+2e0mOXOmfFSM98keW3ggOfz9jLPW0lXkdYv3rMkOFN9uWN4ceWyRjBnndz/DJx2chyJe6Gsw9f3JIx2T5XEf6uIj+QojiTRXAh6xyj9pE7Ni5saxFb8pIZ6b9xYxvApDZKQ5ZNyNPVtUXhI9Jct8sxgXKa+WCXeR7EhevRkjwSZjnKipSy4zM9n63CmxS4Y3hqfHbEiMsFfKH77R95+Va+MY8ykfzs+e39ye+1khNRcXuM7mRWD+YMFnBnhTwOzAzHJjAnxTerHGQm+387R/YskJD95GZ7pYMDfD5cVkT4/VZE+UNmeLeTfgnIUt4vXsjFocGYkaSC2x4X4NFX7S4iQ95y/wCv0MXZ+pGOy9SfEHntWZ7WMs9P/lpZNuDyR/XJHln/xAAlEQACAQMEAwADAQEAAAAAAAAAARECECADEjAxEyFAIkFRMgT/2gAIAQMBAT8B+PcbuHT65EpH6w9fsfw7UbUbTT65Jg7u2VP2J+ibej8T8Tcjcjcjcj8bfjbajajbhp8MkkkkjqZ5P6b0P2Sbmb2Sx1M3s3M3Mlks3s3sk3s8x5jyHkR5Dcih0weWk8pQ5zSIHaCqlSVJz6E2jcjcbmbnaScZZuZud5ZNpNzRAjTbgnFUo2ohFSGe/wBG1ip/pUlI9OR/j6JJs85JyhYU1tCbkkTygqpUFJ+h1ObSNJ+2alLXRT17EMbESSSTaMIRCw2sXYq0bk7J5VC2oqq/g+xsliOxpXYryyXjCtLJdtNJjSNT10U9nRS5VpNzNzNzNzJZU/ZLKm5uuhuztFo5JZpNks1H7F2Jir/SJZLwbJd4IRCH6GxEEWi0EIhWm8vFNodTG5smLsTu2S+B9kYRhBHBCIRA8E3ImS7vNvFIfFF5u8U/ZN6s32JDuuh8U4SSTiu8KioWL7yRBGEEYThGcnjY1BUVWkQyc1yzx12qzVE+xqBdfIsqjUZVirJeh/5wVEj9WXwIYu71FWLsurvu+nqQ4K/ak08fIaZqGnyLuzKs33kir/OWqaRqmnzanfMuh3ep7w8dvJzVfC7+T4tTu9JVyMfy1XpKuJiNKjT/AGan/PpRJqaSj19dPWD7H3ejso7Hq76HSb49D7+pdXfdn3ZcPkyfxLofeKstORr3hsXEuWbLofd4Yr78IfIuCoptV3ZE2XVkPgi88C46u8FZWVlQbEQQ77kSTlHNV3inZMTtIzcjyM3I8hPxSiUSiUO7ESJ+rLq0m5DaklWn4quB3QmJolEobWMXnObzhVwuysmSrPCMIzizEsGrQQyHi7Jkk2T+KcmhXawaxXxpcdXZJNngsoec/DV2NECHhOUrKcYvJJPA+8HiudDs8P/EACMRAAIBBAIDAQEBAQAAAAAAAAABEQIQIDESEyEwQANBIlH/2gAIAQIBAT8B9CUjtJyORyFbicbcTjny+FIVLOA6WcR3k5O/G/E4nE4+3qOo6jqH+Z1nWL8ymnwQNeR0HUdR1HUdLOtnWcGcDgzgjgjgiDgjrOsr8Zo4rJUo4f8ADix2VKZxQqEcEcEddJwQ6EcEcEcEcEdR1HWdJ1nFn+j9KXJ1VHRUOjjs4oast506KdEr+jppbk6xUwKhGrReMItyd4IIH+dLOKNH7eXN2hbs2SSSIkpbg2TBTX4PD8iSga8jFhBBGcvBldCgavGSsm5i6SF4KK/4yrYxCSHlOEvGWPyir8/Bxa9CsktiRCvBN5wheuWSUeSpeBpFXh3gggiyVqdYpfE0iCheB6GvA/z/AKx0ohYJEKyQ/BLJYhKzZNpJtPshXaHohFS82RCwm6VpEO03km8EexrwQVbusksJ9E3m8Ii8sTxa8HFYUiHgsWyRYzaMJvBGUXpKVareC1kyScZJwj1q356wggjN+2PXSU+t7EP4XdbHq9JTi7NuRN8sG/mer02pKrqz3i9lGx7+R6tTnTrB7+unGop17Ov56rU+xfLTeq1OvX+e/pqtTd7FrFDH+kHYdn0VZrQtXr1ajdlq/wCn52n5HgtWWrPYh59Z15R8L2LQtXd39kWexatJNnlKJ9b9FNmU6s9kWe84eE3j0P0Idlg7OzObOxnYzsZJFuLII+OnWEWa82aGMggSOCIOCI9aypGQyGK6s7NWqXkdLEjiziyHaM4JtF0PCnNE2as9jRDIYk/RF5wgi7vTlN1ZjRDIdljNoynJu0CvJKs0Kys0Rdq8YyT6Js7p2klDtTrBPCM5vKzkm0jwTHgmTJDung8JtKvDtBBGSG/VTuSR2gV4vF4frm8EEeinWCxfvYrLD//EADIQAAEDAwIEBQMEAQUAAAAAAAEAESECEDEgMBJBUWEDIjJxkUCBoRMjUtEEM0JyscH/2gAIAQEABj8C3MfQFUCx+oxuD2sdeVlZWfqn3Z5qDZ/oYu9ioC6DrrxoCYMApqdecKDCz9HhPXNRXlpITH4KJ5W99k4U1z2UJ5Qhjp7XfZKFVZXlwvVSoZRWAgXX8Qown5bAqkvyTAe5XEQ5OAo+V/a8tYTOBUm1C7DR2TCal6z7LzD7hd1CwQfZUz8LBKnYleyepdU35XTuu/shUzFDZJuei/T8NgOdRTE01BPTjoU4hFshcXJCVSpqLLmdlyIWIF+yzCca41Qmrpp4j0EqIUFf0uIRWOXVEj09CvJlCld13t1UaZXQKLY+U4UhjvOjU3nKbKYR7Lyt901dLVWd/LokLCY/9r1cPusj5XJTV8KB9zZnt07heriC9LKCu+oaywcrzJqJqP2X++n7Os2Z3vlZK/bp+5Xmrn209r87Mog7xXkp+EcUoy9SA8Onh9kGJA/4r1D4XpvldVhZ15s1uy/9T5GltTJ0TbH4Xp/Cihcgn0YU6cac37LsnCNzoi0fK6lMuptJcrkNqTs4s4set6iu1otKmFm8rDbXdU+UssAa8rKysT2TPrNnszfhYWGWX140jmdk1Ayqj+twjMJ/1H91+9RH8qUKqKnCi3dNdqvEY/xUUVkKPBr93TeI9D8yuKisEbWLh0OZ2e1XNVBQUzwUK6DHMdVTUMVB0E6dMFweGf3q/wABcdR4qjkmxAoBfmUPdeHVM7r1/BQ2TT4lKYzScVdV1TBM7rwuohBQoRVZ5UeULh5hM8oSqfBoDzKppZm3XcVd32yDSEf0q+H3TGr4FhQaZCIRUqsjoiBklA8FXvSmP+PWau1KAp8E+FT/ACqhfy8Q+qreFPh0bzMmAt1sfCq5qKB7sgCH91FKm0IbkmUHk7bXdFSy7IH1Dr9GDW3EdnKys2mxIpJVTeKCTmlsJ+NlSKvEFVPUL/TNPhcidEb9Ndf2G1ythZTO6kOqf8mkcNDyy8Wji+FTVXTJUCAoQ8y7Jue/xsw5a8OmC/tSnZ7/ANW8Sgj1DmvPNNBhC3qu5yoq+ZUssKNukc9UqApKj8p83xZiU1PNOylM6gzaRaJTYUGNx+mzKlThdrudDi2V3RfPW77HbQATPNQI1wuqepSWA5rp00jQaeq4SZXCc8ipUIaHGx1OxC7oBNy05twn7LCdBA809ihadhrdSp2e+h7yvLJU2Fm3wT8bzWdQmGoWO5PqKnO+bMNL74JklOdj2sLPacJ7HYaw2gALdtXvpm76mtKYWnbE/SPaT9BnRGh1Ow12C6lTeUG3A2FGtuX0zJ+SzqJ+vKOr/8QAJhAAAwACAgIDAQEAAwEBAAAAAAERITFBUWFxEIGRobHB0eEg8P/aAAgBAQABPyH3ECOijDkoeJUbQ5EN6HlpFVsacwN0kJ8FGxB3lJ1wO80r78ij4t3yjPQgThUnrof6TZoh/wBjDext/CSH/CYNIljDzCQcgLsHBNSaHDAq9kvehNEGlo4BDnBIOGx8K91HGmLyF9i2JUMiI8y7FKdDEf1EP2VkFxC4ghGn/QlGBn/6Lci2jOQY7cYeRktHMKuYhvDpJJsTsNqCbjkic2NOditxbsKzJkUKCdF/HLsx1S30NrKbbKL0PLA3fms5djLzWRj0u2SIIo1rwLWr8MqRD0kMjRhUMt4YhE8UyCWl8X1sgaomS5nPx5aU8nIw5DVoYJW4G3DXHx6Le6hkbTXmjKVM/wDxoLyIshZoRNClwXMo8zKdti7k8SDxYPKYkakcSCoaJYGyH6GL2Ss0Tt+CKxlj5yMg1qxwWdIXEInHke4NarpkbkDYxKQmwHhDESWqHEjjm0QL8GNEeCDHggqqpgXPuEZTpmRYb7YwzXwmNZM3z/wUmX+DXjgolwJF4IC0DaI2yFJKbH/7jlVLnZixsSaFcjLkUBii9ECRu/0HsbY+ltGYZv8ARy/0MiHtLubNdrkYm4tJjImlYbRuP5GkE8kPoRo6DQyiWxljET+oYzCqf/mCet7YzSE9w+lheH6LZcoxYlZG2aK9ot6E02w0vBMuyV8UIPkZXBUEoH+UXBs5t0UJIT7H/gys4LJL4mRtqVd0NOphth/yOJDfPSHNX9JcDuxuP5FXxRLgJhbwIaI3u/4NWomeGxckxvUXGlPNyKszQxlTykUCee1yTc1zZJFcUWrFpu6KkL9iGWHoXZ4HyZgrK2M6QMHojGyKLt/0CjemV/0Ui8TyNfJ+HDJ7fyO4Kkux6/UUbb2Cum1PkTdHYO3ngakwNHA3+iEcakJYJfha29dEvhXs2XCluhI4yP8A0TDk/wAGTof6KNw3RQ70Vgexodoq6FJt8jKOTJz1vhC9uF7QuZa+TBla76KRp54YS6byGwkEo5PKteCrRqtM7oRin0Kia+hyjErsN80qEr0hqI1FkdNfaHZPFpC1wiFNlwRuJ/r8HdmbvOENaSUzjhiXBfghQKDVoJZZsiSOAJpXyzsNNGRStrIlXoRvnhC0ee+kVCzx4G4MpZ4fhKtrCirzaFnDfjkwf0HZ8GWuRCtNXlCuDpPXbHkke4MTDdB+rfQm2n2c4And32M+iPioY92QJ4b2C30MiiR/QLBkxiidzwOAdDI17CHgZswiBn9C/opC9ci/gV53DFNJa8H9aTNwddwv8Nitq1+mW8mcn4b67rEMIlPWDe1dj8Fjphi9sCGcPAzYsnsNUeew7cJJKMvJbbBkKIZF9DhlhIWFH2Rf+BeT7D3y2T0CXkzUYZLLKGusjXJmKvRsuiW0xJeTS8HGbeEa9HwkybNTCzSWm5MLBXFHcmlqNLL7IzHzuxCiR82EsnkprFQmF3mhph/kafEoSDwmPCyMSQ2MkmK+6W7F5O/AlO/Ibo2gtoVDBJ4Fyp6Lv45xtYvdNpwPa9lplJ5l6pdJm7Y6LrWvA8sscsdUmpeyb0o7Nhv/AEMCToZET+DUmX/Adf8AuMZgJuxcTFzB/VlJXHoRXxDTWI/oVk5DG2vZsF+Dz20YWtv4ZKs8nnl+AmuGazrA7yMSISrEjtkPaKJeBzISu3KG2mw0yi3jktCvf4Lrz4EnT8ImYJYOBnM8EcR+jzmzBUbeSI40h0tCJ8Jhm0IwFH8aZGSkbhvaJVhmXDnsuaprk2Fp9DWMZcGAptnIrcUZ3PuYj6GfAfZdkstcmN3/AKJHmjcFqpltl1vyxV4jzW+zUXWJXIN2tUnpfhS8k2UxCdjouSbhn0+KRz+DlwZRIVhwfEIh5+DcUefsYdftjSWD9sZcfdM+n2RpsxUzB+0Z1yz8En2K4PwRq3sSzTTHbNT7eRdoEFyfoSO5TtEDoKhn3DNohgfhTBba8Ho2awfSZxYDSR57fBgtmcYJFx8rfY3no8GO39jk5Xo8JhWQFuAiX9Mu54zF6a0mM4su3GOBXyONpV6o8nRbEfti0zEYxr9GxLpZf4Xyw3INUC9hC8QsCe1usjRmSQWRFybcGkixBOT4NlCzj4Ulh70IxaOPgeBu/Df0PACfkg/5HK1u2YlXvRlZrmoRHZ6WDG0ZY8Bz9VQdxDCdbWxLJtjakMStzj/oUiy9hjN8SXJdce7oJjkOrD4CNpXEFogiDR/FQ1CCWibWyrBJxV4HaU/o0jCN0r4ZAPKGjF9jbDgDT00tDUn6Yhgcw0Y6IyMh7M6U2vRb4EkioZLx7Miw0rezI1/lHa0Cmtk6Eo5Qca5i4QlbQ0zEpD43OYNUc/DVRXBiefgi3FMqgxN2M8BEVN/CMgxGAg5RqryZ4bgcnte4WREPD5BPad9aIuLDg9EFtp0cAJ2JOJ/r+WeSMkVMh8cMPxzCMdfIds0pDIREJ0vjG/LpiRMdMfdwSgXlFfMbpt85gbOI2GmneBKxLQ1aMVCJDYrzuFradPYnCt9IZJEv6WNDDWK1tPhDt0kUUuCCJj4DcPhikeUJD2OGccPTHkTrTas6MkclHpls/GhpCeDfaFA/k/kaNlSpRC1n2JVst9jqYaSyhRbPwyIv/QxhyZaELnyMJLFE7gQsU+iLin2dolPv/wCtPhqFhMjU7Eve2/Bnng7G6OINASKi04Rsp5pBTakw0P7GIs/8i8hOmAGN4NprMfA3MzcgZpi56GjM49pwqYwb9DsI35HjVGN5cNPI3Izx8eDHzXAm5HkbhDDUOYslMknl4oFQ5k69lMjWohUN5MQ0/Y3fIpzrwLeQlXjTFISCl5NUheJ9jKtl4rIqI82RQSkDN54x4qFyWCC1XTfge2mKmJ8ColdtGQEt/wAnQMT4+LUZt8Omz8ZlsSK3wSsj+hGVosX9CqEvCQtl5nYRJlPWjA/QOQ3PCEs/0dlFWLx5XA6AZc6IcHsCPkXXrApJleiLq/RUoyJtkMrzLlp0geXJjnmna+CQWSAjNGe/hoJyJ8No7rXJlhY5LFmEXpDpnYrQ4gRTh4Kquexbk+dISSMq1a9FOI2RY2xANq3o1g5BPMhJYvQwo0FiwLwyEjh1FmJRsz+iLBfMaVz7LKGTDST7QjLAkRE3gS834rLJtX45vjB3Vgi/gPGcEJb+Etu2NjBCIGyL53gaFiGRRrghK3VwSxa2bs9CXZNkeIOSraf0JOL2bBkZnx5ITXix3L0pGGSXXYmwKybvnohhgptZFmceB2srK6L6Xw0m7ciXj7GJoV+jbwbGDKbZ79IRMPAgpyTBghso4afFXYLF2PzccIVvkQrUiRVwUqbGpdi+homxdciyibYZC2ZrkZULa9mvRAVJg+hTUISE/wDhzOCEtn9YEqyJZpngV2NKJ6IE7oVu8j4FglhLzk0Q3fgeUJRFepEkE/7hyIWeBViY78m6xrcm1onbWWcP8Gfb2YJq5F3N0MuVV0bml61gxMOo3v2UybeTxk+Knj+i4fwJ49CtMiMfxg0hIIVrBirZBZMn9CEaHhdIwFZRNmLWRcui7EMQptsWqEUY22vQzrosZ9ltYMJsa3tE9bF88Cm2lSMWUIvO17IPIk+yg+y6ci6Exn4liw9G/ixwFClwGwm28puF2KvYtZxIVG1LPZOfJ41WKWeWVhD2SMgoQwDYHNZQmdGLiMiVy6U9dHgwWIgLrIkTcCgsI56KCR0TuhukkQ1h8PlDAw7yaQzXsamRZ8DA6RUccYmDfoZY8j2UeRIh74dBDaxkrPRJ4WXz0LUDqcIkXljRD+BXTDol2Qx2YKlXUNF8jnnAuw7yWjeRbHiNtkFgd2GUXheR+4kTwcVjpi+lGsmRh8vIzngK0xM0Mk3gTvwOEjI+AxWMJ4QkWjChMA1OITx9D2f34j8AixB09hU3lHE2PlFWG2Yeh4D0RYljPQ4cllzXwrt/6F9vJk4Ptos1oZTeS/MHhx6j8sWrB1bGRuF2+izbcGdTYq+wiHcPB7F8hlRz9GzSiq2cHK9k7j6LkM6+Bqxass/AiMUtGFjJ4l+DKvL2YFFTyX2FAqHL1spsiQXRTEapK6HWF2IY8XgaXoLuBJKFhnYsCagWuTBnt8FBpZHtcvsYtL8Hm8CrWRaHJwim2RrsaVA8r/RoTNPBNdPhrfhDJhRJv4YBq06Wxjd1KbWBV7j4Jg3v4bhaeBxaE2kg5wejLIePRFf3Mm+8craRH1Ubb8ljEwehY3NUFuRRD2B05ymVoSl6xlugr/4Fea40Yl+Fj4rZnHbOGGDDGN+WX8GaU0OEPZZoUns0UOYMC2baKwtGxsedRvP8GSvlHSNRgUFhYWpXkcD7DvDyf7EGRC9dCYsSCHISMWC4Ho4QtiEjEtdrsWRNhM2jzmYhqiRCV/DRDJDQsHa+w8NSPSZf8GqRQxyE35P5BJPS0MbL4MBVHeYajP/aAAwDAQACAAMAAAAQS2WSSQywk3uySW67b/bWyaSGEG02ggWWb6//AP8A9AFZc19d5n/2E+Qztt/k214kNWduWOF2S3nFZetr50bDMsGWvdwDXHp8+s9KZWD8sSFt0xvkUjdGtElM8uWMMQ0zd9inTTf+0lZgpEafSHWdsWeVlN+22xp9qyGEh0doAFccR7tvvJvkudj6iJoCSsTN/tcSYRcfufu2SsG0kQ+fwACSZvlbvv0b7QvgCDluzCTRtuG//uCtSAQAR1uvCQDPuQQN9/toUSSCCOtSANtvyCNtvtrgiSSCAfvN9NVwDh/t/vwAARBOf9vwXRAUl/ttttvgYRYttf8AcA3a3glXrf8A/wDsQUSANv8AJ/D5NaJ77/8A/wB8ASYDPiSgT7trNt/9998CTICQCCSRzQQPtmv9ttAdiACAACSDKBox/t/t+gRbYnBNzE/xfgZ/v/8A/gkC3/8A2+k+bENBF2//AN8QADWfrIOrXtC0D5QN9+QSQADoAtjf8vRh6RhtsSdzoNtx9vcQCf8AuAg//Aig/YDb2/8A25BDmQ22/wACaK9/z8bsQAQd+zv9/wDm0Cb7Drmipo/bbpf7/fBwEXZt8pEm/gb7LfdZ/A7/AG6Io3249wP3eTuwawG2234I25P/AEEXt2lUyuLPQX8SAbx++0vv9mgnuTQTp8GDHv8AvP7/AH7SxXxAJN/NsI22zH76A2+3X4AABTWJAI7WP3a+344BIBBBu/AIG/f32YP2A2IP/8QAHxEBAAICAgMBAQAAAAAAAAAAAQAREDEgITBRYUBB/9oACAEDAQE/EPx2lvAb8sQthFRwOsUvr8YU8sLoRXs5QYsPF4NkOvcuLhF4KjTF8AUxUZr4by8vLy8M0QoQp3EKyDCjAD1Fm4NrCpE2DGZK5fglcAcZExp6nfoYht5gncrAD1hDvAfEQCmBHcUvWQW+4oZebhrnBWK0qCuBqGUgpHCCXi47gGsQ3BT1EbC/bKDBLFksovLw7Jtk0cLy/A3DfGaAZSS8RcgGsodzsKi6j/eIVe2DCiK0TsJtT+ppNoozsS0vLy+K8DhQX1E+2OgsskGUQaiLyTqIKSWdaYmGifaKy2JSmCaCKjRNzZmhlun2hyvtC6M7RihgJJpBtZGsYNS8+8+8+8+8W2xML+pFveNUQaItzbCWagKjuO8Goc33ShGrcSOonaXqHyKYep9oq7wh3PlPlEqiJc7ERKR6YCsUjdqfLFsnu4uFMpvcTszURaZ1CRFyw9T6RV34KjNZo8KSkeBg3PhPhKepo5GpUdxr3PphB3CD1zYYt8ASdF5O+FPWRXvOjw1Gp3LZ28ESanVzomzyd8Le+Fvct7lvfHVw2iR6js75VpN5tgEtlPUp6jvNJTgL3k3EVrlqW94HdM2m0tJb3O5GjLe+ehl2+G33BXi334dZdzbNpwUxYqEij1KPXCiO/FbLfct9xNnJIxLO4qeJKlEL+J16Te8qLgtWAUR3KJRKJRmjwJsmjE0ym5vKGUSiUTeW4rZbHFstwhkQt7iEQuO8IGolW401He/FbhtMbzblRitlvAFE0w6lvuWxW2Gp01E3gepfktmjw1KOA6TZzWiDZcNRq/w2/wCFdx3jr1FtuW/g0Z0m3k2Zs8ayYdePbOk24UyuFzZmpFNjuI6oCmkSmo7zTxdSvxlzdN2KnWGEd6al4WUynA83T+BkWcINpTNCUynKN4RwPUslmbIimWSyWfkqmaGAAxhEpiN4+0plMplkUrClZ2lngsIN4sJT3NxmFTKfU+E6GRhUW28I3H1Sn1KfWHKlcdvAFYKOAwJSbjMEVAri5ZxVmmGUynFMpgb84wJuIAxpEbgoLPvFDRPhimfSU9ynvi6gr/CWGCCXcAIFHeAVOyxD+xs6nvYq5T8KhufSfSfSfSO3rO8RUpC/qbmiCBKT6yw7n0juU/Ft4ArNY0gBUoHc+k+0tPcd5dy2ac6Y1KPDbw7Y0wAT7Tc2eCuFuTqCHHYiDwZeoibgnU+U+URN8NsAEpKTcACPb+DUo8mXqFDvLL1ETeUWJXDT8TqIPkEErBubcNPLU/EIsvBR3NuAAh345MN53FmFqVlZXyW3HQ8Tg3nYmjjTh//EAB8RAQACAgIDAQEAAAAAAAAAAAEAERAxICEwUWFBQP/aAAgBAgEBPxDwCLgprAwqWlpaKy8IZSO4CpTnaOn+AUuUOotbg2iHTuCmsjCsA2XimaSkpKcHT5fUalpaNUIqysOEWyNu+HfxgBUtivxv64rS0/E5i2sFy5cuIO44tjdgIogRpwJbACokufGfGFWoD+Sy4fjPjwe2FoxSkXSCs+EtViCF41eEATCRs9QRTElxDoYAmUR3msvBeKxNSsUtIH+RoWTaYS+oIXNWEHqXl5eKzuCOjCPa2CFEAA4VZDjozThSVlfHaMS1IIXhL6gTswq74a4F6o4UWxUogXBC6m00iidHlfwT0RaGwiCiS3wa4d9QktxBXRgA3LwBLcXI95KtR3xeDqNW5eAFsC8UIwlBmkpKSkCtQk7gBrkAk1yNR34qT1EVAHO6l6CfmQZrjEnc+UANQk7iVRPtPtFZASaiDLQ1FDLQ1Le/J8odFE3ACyd0Mu/IBQwRO58IAayI1FveCTuBWpYnYm2LZtLQxSU8e4VuogMgpqNTvkSdwK1mxN87Ztn4RFaw6n0iXw3C/EX2ZFIrO4RO4aesikdnFLe5b3NDjbFMst7zT1KeuNXKesgTuBWoAa8RUTZlvct7hrhaW4IrXjdmAMVWEGU9SnqU9TXLZyaPEivFVQCToeNNpoTZzbDXiolHqUeoCnOiEy0mnFty2fsT9yK3LcIO5bLZbLYLUtlstlviolEom7OmNJtLZbO53KISKOGydnNmTRwoqWy2C+LdjTxFE3ZqUYolGQ6jLc0eOiacdsly2W+AsXKrqO4alfx7Y08g6Iax14XTDfg0zt5gcu4czfl2wupZLMTi8VKZoTdiKpeDqHZcIy6l8DfnHcp41i1Yud+kBgbxGaJeDZqU98Dcsl+YtymU5qZoxsiKJsyyCUSzAy4mV4UymCvUplP8NMiyWTZlks9zZglSyCVmyOKYDeDeXUp8FLKfU1KWW9YLhWSnuU9yz3NniJUPdKe5Z7lnuGKZTAb4aPg0ihHb1kKxb1NQuVmKZTPhwBm0JZLM2SyDp8DA7jF6gLqGjvgVZqBtxsxLrIFEq93Lepc+Et6lvXA3h1g3FE6lPEF1ETfIpZaaiMaiLNmbMtLeolEGLYMNYrcjeHWdoolEp4aQq9T4T4Qod51wFZqIvU1EvLD1EA6nwhXqFWoaluYiUjqWyG5pKc6c0BKTcRZqboiz5T5SkdQ1k4WwRFQ3h1LQV50zpyQbg3rGmNoiz5T5TU0OBKYtxNynG6gJgTqFDvKDc+0EdRl6hopxphFlprCLDWLYNZpKcTeaONMkHcEdRBvExeuQAS7ypY8DUdwGftyNykQkOmAZpwIO4xeuBBTAKjElYAIN52eAKjyq8vL8ujASvEUgmK3AmCjKlmsX8U6y9QL1gLl5eX8hpx2cGo78LrOjNjG3D//EACYQAQACAgICAgIDAQEBAAAAAAEAESExQVFhcYGRobEQwfDh0fH/2gAIAQEAAT8QqcGErqpSREUNkUsyMYSOoUqDNDEEEGOQgEKUFdxNkYQEeoIw4dRq08bqIoIDmpbNj2SkbceJXAVZwczbAvkmRZCqtpyI4ySwFoTYwF6tw9y77iAmO6jUFiqErdMOY/RUBQbOUartAaWeZs6ljnXcSCGe05LTc2uIbRX3Eu69M/zYNsfbBEoHuLyWPcr+L4mHU+CGtlL3BopZxCAJAuqQAoCwlivMsL+aE4K3qosUd8SoQHa401WsQqcEZjRLdL7jbu3zLe0xL+kzKy0x5nmb8xfmkJeMAc81BtxiOkdWiCxsZAg6WfiHJvPUv4JbwTSPrL2S3j43LsjDq4HRHhg1G30wR9VzVXX3Aop8rK3YbuBoVHMyfPcRt0N+IZtLZ3GKN85hyqhcMYUyGHuaVQ2soxxlAZBmJ2jEKGRxLwwfEGkNcpMvCdzU3mDaYN5l4zMcMRsEfMZp4hLLuDEsgwrCRMmOZCoit/hiDiGXivTMyg6WDZTvbAVBZeoaVDB8JzURD9t3DgqjRWxJYCXsqphZo8zSBTMes2Ou5TtssjBgDS4m3D6l5XjzBWLL8SmwbN1xMdY+CZkUSlWwNr326hW3lSricPYSmyN7ljyMD/Oc7cvnZsTMPyjIRVV+Jf8AdBRLfYIa+COBQL6leWOOf4SWNwEjEE04rEoCGtYjXjuD6DcqCq9BMopKZj1zCiDyNX1AoWtIkWZeE2+oyAp4ZiVL3K0qjShfME2uukoq41LfbGN4pQ1Cy8lUTLtXuXTeC6iLOpUEim4Ii0bxK94HcG1F3KOYvABiU4WlB3GeAbqygJRgQDQf4lYVWvFMqQ8hHNVjTx6/5EtlPEtAyrPFSodJeYgkILxJ1Sw4EGihiCQWnmE13sW4j2y2OrNtfmCJUe0/EHEBkAjGfCTL3BRXJisocxIVRc9TRL7yoW0GbhAJg0zAfiZqWzqGWTQxzApSwICziVjeEDRa2b6ImbBy1xALMOcwbjlaJkz4VmUcRdDCJI5KwkMKMlCEvFq5aQfuXHrxd+GKjn6TJfC42CINLlSYrATZo5lInAPMtX3mUv8AiIeYpAwLHM7CPGYKAsju8sSyAxwfHmE4JUmR23qEhcuCb5B0dy1nNvS+TcokHYC99zJo8QAtYwVHKyMQDwmIldnRxAAVVt3qW5ct1epvFqFloMscqomaNQQ4uqjGaMUC2N5lxgF2sHlnpwBdtwSNC0PB/UdHWDG/MV2UQbEo7uLWK3iOOziFvGKSHqyK5AZ/5lXvtn+YIl7QvB75fUXhxQMCCmKy6FuU6ZTplDBLdS0wTV8xy5JgPDLVEOj4E5yKFAdD13LTLQjP0dRgQGbK+nMUsy5MCUytsYIXABEmNEItSmo4BWnJW4F3Lli3CoZSgocWwWGw2vBcaG29HVwYLcM15hEWYAzQMXCckFK01cd4zyWoqSwABPXuMWOXgP1qZ0pVRg8tJKi006vKgcMasrOvZ52SsbaJfJYvHHMAZq0ZZ83AIoJQ5vzNb42oERgNpT+4oEuDuKng6hyiiWs8RO1+oEiyvPcyGUrqyDE6eaD4lZRhFTHpC4F4cAf9mwwqnBjw0fYXLi72wfUciVSgWM3cUgYin2r2Q2lUr7mJvXJEI1az7inFeM55iK0aEp0acW8Qll7A4lXdW+oRTJMxhRwajEeUr3HwGfSYvt9TNqLE+VrN1EPC3EPpJSGk4QNOzmALdb1WeSOWVROyE5meLX5m/HJFCiFbHwxVDBkqqjUCPA9wa4pZkkbUAeGFLuWq5PglAxuagw0HQR4qIepeWctZxGSW4arMA414Mr6uYwatmLPBCQHtyxFQjzaxYBLX+mZZtWArPgtje9p4nRfMq8BxSqgNqhiW+8Z1Ea1xUMGLG4H2bhqGmYAWnHuJdjHUTEsB1BAN9QDtmBdVizGiFgA6IdEcJ37JeO5RQa8hxUxqsLCvtNkV7KeQvTUVm6UZew8+5lawpQIOk5mByGwFI7r1Nlxx3AFqG8MvuDXTzMXTpWpqHFk+gqL1K7LI9wYG4z0eLlfUOqKiVaL6v6gBemUUybVZSCRy5ctQiopul4lEWsXxUGl4IXPfcuY04A/FRqQuQFe5XTNsuD0wKqHlTVxKVp0jLrg7R6XRxNk4Go9oAcvzBuLWOnuIoEbO1gti3m4XJryICWbVV3iC0VlpDUgS6QAkswZQFbGgFePy3KPVGBxuzR+ptCmS9HbevxLaoK6XHdj/AGS1wXcS+f8A5K4WGQjXyQG2lKqqY1jgF7nBvluWIxotBK3sXt8dRpUmQKj7gbyVzyRrwp4mQG5yXM1Z0q5V0eERVa9RXumzMNUrYwGOF0gYmzcZsO5cpa+R+JgNJg8+SFkoOLUvWnRYVNB1UZ0w+ZYZFN3CcVyQ6cxQAapAdS4lfbqKvEtnAAZxCSFV2XxCY3ClepZaVpHogxqCmSPbwEbVqgGEota2+o3yWEVHvNNvi5W7iaGsbcXn1DaQV72tr7+Ip8DaH59fJEZ1wC7HL4+JrxHe5vaXmo8B57gu4HPEUXqdqi5p4ZxAzFRmwp6gJgh4JURzsksJz4YCqozMPi4oZS+pevZV2qq5IluhbzeJfVk8NMZ51FG8dRd1F5/3EGQ0NLMHOFXFJa0qjxCWbFOogDZrH7gwuR57itDTUeghpkuVAVVUd36jMtQ8N3GrE4eHiFhicisjcQgNPIvEOjtwuy/UBHMfb3BrT64/tGbtxwAfiIKJygLEQYbtgFopHqWBYc0TMrKZy3BcR1/6lBbcJGXBnyy9tLzM+K/MpT4VhKUVpXFfCe5dYNWRYBTtjGX7QsTlWWVo+2GCgIuLW5cFnBVkzjey3k+EqZtofhihXdZ1PimKJ1OW75jtK+Tz5ggNr0amVNL4uJNNBasPHQp5fiZJ4cDAeu4AkK059Q6ID0/8iLajQpa/EY/Ivdy4iyGXmsAgyFI4oe1juiLIVfeIMXccmy4DbYMVdxQoK5Faimu/Ea1GNruIzVpFm0Fi1Qo8RYnDdxBpxsHMBDSlqrv5gUzKi2FRm109EEYF9yyVYJSfcr+tcoyE4FJkKU3S6lR6C7e6mPQZmmnuorbK1nCeY0UNt3dxLSDvbBYIWnZ3DCKyac+JYIQsIxA0QpRcViItHDC0QasLMrmDrKej/sFs84tLD1uPpL6T6iq6tAbfMWDZKI0BS4zb4iUr8lL7YBkJ46QEoI+CVbarFSx8M+Y7JVJBAKOoYCWmPA+WLBUGQWScEkqJe9wVgguy1jfgHr+ELkGeIlyWqaCEitv8SqwLw4jN5E3Ct7Poi1UobC2VES11LGVw5lYlj+lxWCNiEtQXogbYRM0Cxs5m8QbvslRE7i7BFZXn2wQoDFPH3HZVfQp9VuNFnmoH8Q5FDnD93LsX4hv5h5g76hwFh2yg3HIxllkWVmUCjnEs6UekqfsBBDgibUccRR5IRkCx6LtlBLSKW1qe4wQIAoi3ue8RAG6EJtpLKn0StC6Rc2vlVRpNCqGMMTBRl1LwUL+Jij54yPTGjA6AzmxX8QGmWNl5OINgI5z31LAQrQL9wlKKWBo0SiIrp0PMNCVeO5zrq6XE2DerWemoTU8M5j5bqOAHkPwNQIBhq0vmacyNLHxFMLS3YErBpe5TSviZwWzNLswL8hFNsrqiuS5eaK8YiUEfMLqvv+MYBrGFPcRU2kaKxmaIqLL3UHpluguGoSz3CtgdMwa0tprQILGyWt3gIiKsrITQ5cC6rTFIEIGHMNqz0o5EnpnYLyRLXkW8kpIpqomCLkdaLhmKtroiiMJm6mn7YIJbN3aO1ZigEoGNkcoOAwPjXc1ENr4tlSCbaSbAMMu5Q9vMphynMQ7II4zxNpi63EDYxHSVKXdS4NQrVRxxGuinuXvCGo/W4OYEtqkWxrUy8S9eoi6SUE8sFaKe4gQLeIyGHiYVLZR9jHWoQjAeXuc7uVNQwxjRfEWiNz0eIg6Q4NiQi0ENqWrlOmDnbXzLxN6p4/qA62QYcRbB5Kv2sMOCL44lWMKFX9wTUFEqm64mD6kl1bvqIQQBLrGoqFH1DPENkppBv1XKCcxAt6iDsuGgAQMvHMrYFdM+H1BaxCKrgDuNtXwKlglblV9olBt09S1tl6GrhLi+JgVa3UsAQ8xCdeSEh39oqxVFmFSrOnzGFLYg6rxLgg2Klf8AviEohJaXPaEZpkKzLMhXKX/RWVRikyY2oP1LHLQpp1qAXtSYFeWUwEMAvWJRFObF/USdpSdhfTMjCWAv68EpPvcAQXfcANEp1Gjw8rKPEvdfn+KOiZwQlI5i4k9MAUFdUzS8cBft6jDY9rxL96n6YuapfIfxSWvmGquCUaMnc0zEdwBEA7ieCL1G4lMpy5tpl+YKogvKNDiU0wTLDvUFBA30eKgxkaxkD/yWiaN6cx7xDQL5gypqA2p1M4AasevmOrHNXudfNlblcGnUyTVmoWA35g375IFEGmWrvO2Cw7iOjLC+FMx1XHLFHuPA0l3an1BdQtFVf9x7ehZNw/VMq2idzt7gOKFZYO5RqIe8wxMV3cs5H1ihz8CH2q8EYJXSRxxHhhiNbVCGrdQAGsJgt0W+YtamqYqPXMLhUO/lcUkA0Gzw3CJwNrcYhSbXcxiPaaiRB6UQ63yVUq2r4lzar1DZMfzZ3NsC0JcrcGy5OoagwRnVLyEwdPyZOvcsaLMcCly0qVlDPcsO1+Zt+RupSRa9agHK/wDGJ1IPJEAKu3H7mC27vSYEA5zpL9SLoKhrUfG5bxQNBl26LhdjFZEGalxjiqMRXAGw/hCHLjLsd4aiBis0Coipg6IYMnjmVCF2u4vAqpa0H5hYqiaJ1LG/1/JKIxq+paLTjxKA8XGqn7liruC4SMlQ5MldUcKRjVXKrdEQsC8SoiB1UvNqjmnfU3i+dR8oTojIF5FDAMgeW/xHIrzwS5UUGmltlQ0d26iGSBVaIgayg5uW4m2XFhgcQqgG+ZpCE/Iblh7vmcC0ArEoIrqMCgxeskvnZ40yjQaFwJAz0QpcMTwvudbIcMbpFTMsQDeL4ZhtmRW4kBC81MHR5geGYib5UpRmt2jA1xBuNXmoVLeTiJa0eY9ykKgpSV3KM4mOXvZhGDwL8zcizKA+1njNyVt7aP3EoNct6PUXie9H/ZYVJWlKwiGlo7YnwHa7mMyDUodfiN1cpWVdsFl0DSUB7lHI6vpKBa9O4yFO01FNL7S6gkClGj9mY4n64j/38zAHgXT9wsXZqyx+ZbKXUupFepTXeXSQJsLObim07YHUvXmLjUBu2eoVreev4ALRFdscR4JtbP7gMb5iAoJE7DKYjKo8FhZCXqokuV25l0b5HP1HRKN5a+NRwsg7WT1qHQ/k1FR5H+XAhWMgfuDeSzhoPEwJO0HGY7N0kUBr/wBiMgRso1K6O9iivctdGiI1iEXeOrrzMLRZx1EaYe+Sa8chYj+a2Ryj8DP4jBabfynXqpXdEFXDai3h4hLZZ31KC6nLGM1hqJGsr1ChkJYDEuTn+DsG3dc/wz3UrWPiVRhG63FqwcJFRMv3G6sw9xFl2bZSHKESNHUvJvmDn9HNgVAcUNA+e3xHHHWXZ2hx4iJLUsGXwS4J6HHdTJqwUDiW4cjLEKicABk8woFZCvpDAVOX9RtMCYLijYI07lH7bZydRggjIORP3GkhWBQeGENlPEGSHbXPtW/ZFzPBGDkSuQ3GNlDjhAgHm4e4mABfEWoHFPDmDvpk6TaBbqO7xlhjrshW6lNAJlJ0ftYk5WrOa7m7Cm0ICytPUEgIHcJCxy3MarfnuWtRb1E8VuXggurz80/7zuGx04CLHjHL4jdirsuh3XazCEKwVO/KwIVnPgl8dNdMLmU3PqUauG2EBtNbmImb6i1zv1G1TTzUenKgteSPXjU1oro+YtbAyHLs+ag0aLtuP7M8HEpUwuThgCgt/hAFppGWU4BOLj6IuxMvVxEdLJFm1AwSul0QvmYOYmXY+oBHSPhTNIUCVkdQBZ8wjZkq68xVa6lqgiQCDqAQdSpV08Y3CwriVha5NNf9mWocF+17gwB0uF3GCzXHQQ6B4FxAW9TfqJc+ta+48odb4SjSuj/vUMHM+nwzKUFnp8kugRqxTU0DJEWPShG+v+wZjOX5QBAIAvPP6lAVbgxy3N3CsA17Rh0iYYtFZNGDaS+CIOULk0QwXJxCLJ4gsLLlqM0cxLphpIAgBOCAgV1bYHy8/EJC2QFYiaX0HMa8mPUQHl3UKChXIf8Asv2jogIJSvqC2F3uA802VKmq3PHUpEXeyYikG4i4ikhOrrwGiIq/a7uDHwuYIFXlaqWaqnN7CMxV5y3FMATNsoQ5MrRh2VNEW9oO0tpVdkEoZQU9kTPwxLBsEBVtDXqMGR6YEWjwQF7Mkqnu9i8TBEcbiwQublewTzUvC1FVkpKPE88X1D76YvMaqxV4OWILS24DZfuIsDe1SnJlKGm2szLVgGK7l6yrAyduIiKXgqWhHHEapg48xiUoK43GMA4ZewE0bZdJpapgf7gk9iMhadCkWqKDqIC2sRTzDtC5AbmJLq7H+pS97iiGJnohTWIeSuo7tiVme5XKx2QAFz/DgviAG3B1KGXFnLcUzgweCEuRqtRo0phUv5wcNxgVAdpBzhwsaBiio4s9JgNnAPncwUoW28S+xi8TiZe4fIe61BJQHdRpYnTuUr3HRC5haPEHCn87H7AXiVQ9fmHaya6hiEXHxEdqlutUzxdsjt57uboE0dwgaZqN+bvuY20QEaEVvSKhAFTmKZWblnkhnhepiWYpig63GIgrNLdTywi/PEULe8RlKXplAuzcINDkIWI4LeJgaHNW4cNZeJeXaEA5DLVlpwTAw8rKVpZxKhMqDzBTAeajaTzR7iBry+4NTbiUC8Vl4hspi6OkdAY0OUWf3F53OcPMJVsQzLIVZMEWmYBUZf3Lx+ocRhRTjlBkHPEVJZq2w4ibbT1GNyGEzbUmvV9szqNLiZVGEWaERYcq6iCaqJQKhKBWug8wXFtL9Qnacy1BmwIecwbipZS3CVHQVqbwCXwF6nMxoDCnNS4uhlCpdZQQJzDVF2lUOt4hYZM1HQV9I0UMU25imEplXMdPy2AOAsJsNZojKjGAKUHdwrCKDsLi5WlqVq8xm1b1DpMtXmA/3WlmNhbtRQK1PqoK7ysV1LVatAJ3UIXeOIUILtRKhGih7ZYGUTBhc1CsUMmeYhRzlKXnUpbWpkNcoB+EMgZSEeisQhO+7YlKcTILN5bjhZHq4XnXrAcCueZWWjtiHjQmW0UC1aG9x8qbIVjszFrdo8wgmXkhttWIVy9y4Upbm464hcu2FSy64YHZdMw9QSgrB4IsC5XrUdAqqAgJ4iww1uXm+Ytugt9wEcmo7liJkZ8xBJS7gNdC6dzSM+f4A2ywvL1AQbEC+bWZZLCC6imXYOYr1qlX1GuK94ObNdqwSkKaOo5NTSpyoQlZKAHy48yq2ogRMVmAOiIFcP7lotvMC9oU11HMNgeolwV5lEF0JuJGgmrYINK5IFWwFovzAGXAERBa3/CtvnH8ALd7hppbkilTTgilNvX6gvlu4sLoK+YgFeI7HsuVguIrTLIdu+peDez3LDbu5mXWtQncpUeUji5kPel+IDsnXcwE7L83KLt4yoYF6JdVmqmyc1mLsOJZ07x4gp12XiE0BHJ2IAJTp0yqNNO1cMrWVLmCpQvflDD4lkHIpav3X6hoYE/rmyKgXirhsDHKGZum0YmCrRirb2ws2UcS2l5Zp5BxAUGoAzCuCFkOIFFRKLUwb53EGpYUNBxFFNWmWOb9xgmyHyzRwYh0uU79QsMzIYgU6cQaa7XHSbrlESu0HUr1mkwkwwYF8QyOxagMGp//2Q=='),
(4, 2, 'edew', '2018-07-02', 'perro', 'wdd', ''),
(5, 2, 'taylor', '2018-04-03', 'perro', 'san bernardo', '/9j/4AAQSkZJRgABAQAAAQABAAD/2wCEAAsICAoKEw0WCgoNDQ0NDRwNDQ0NDSINGg0QKSQrKigkJyctMjU3LTAxMCcnLkAtMTc5PT08KzZDU0I6SDU7PDkBDA0NEBASHRISFzklHSI5OTk5OTk5OTk5OTk5OUU5OTk+OTk5OTk5OTk5OTk5OTk5OTk5OTk5OTk5OTk5OTk5Of/AABEIAKgBKwMBIgACEQEDEQH/xAAcAAACAgMBAQAAAAAAAAAAAAAEBQMGAAIHAQj/xABEEAABAgQCBgYJAgQFAwUAAAACAQMABBESISIFEzEyQVEGQlJhcYEUI2JykaGxwfCC0TNDkuEHFVOi8SSywhZzk+Ly/8QAGQEAAwEBAQAAAAAAAAAAAAAAAQIDBAAF/8QAJhEAAgICAwABBQADAQAAAAAAAAECEQMhEjFBUQQTImFxMqHBFP/aAAwDAQACEQMRAD8A6hOm3atxRSGNJ2zJIyRWkUWfT7JE0aCSjljn+jkJt8Ls1rm9GbM2mimJWmdKR0nG6+zFJf0K3MTJGQ7295RfZcRIB92Fqyoi4XvRpvohVFU0zoRkQL1YiQ5hisOzI2En6Y6ZpzR+uby70V93o5Li3mHNbE5uV6K4+NbKTobRBTDoawetdHX5CUbbbFLR3YpEjq5cx9mLU3pG4Kf0wMUm1sGaKvQFpaVbcKgjm7UQyuiJck9Y2Nw9aDUAixKJm4o+7ES1R4Mq2NuXdggBEYjVwRTNCyd0mIp6ss/5gsLKVFIxsYnOMihLcMKXtNDUrd3/ALYSvzDjhVutu3ressQK6JISD/8Ale+M0sr8NkMHyPh0wJYF+qCGJyXuzFFLOYtX9VvurEjczcRb28n6Uxx8ljo5GGWFeHQQcZcW27NbdGxyjbn9Kj84rEubwk0ebMSCXmm36RaZUyIRui6lfZmlBx6YM/KCIFuwmI2/9v8AeG+mTcbaJWxuzJ/eKM7PE2VP6fLCJZNPSLYVyW2WFvSLzK0F4t7tQ50dpjH1m9FLbmNcu9mGD2jLLEo5ZIrLBGS6OhektuJUSglk7oo0vOuN4XFFh0ZpVssCKLxypsyzxOKG0wF0CTSerLNGT2kpdsf4iQoLSeuwjQ8kUtmX7UpPRT9Mm4ThIXV60IZkG46F/lzMwpXbxQi0t0TLazEnkUiyxSiqK2ro0oO9ELUm8K3bow6ktAONl64YM0hKalPV5vZh49bJT70V91MIm0cJOLQYhmhcHAhtg/RCDdQY6TKwWh5KaNEercUbzTbYpS0d2GcrKkQ70AaUatwbzFBbTSRKKkm2U9dFtkRr2igKd0W4K+rHKMW6U0O8VxEW9BnoTYpmG4ofVCW7KQ0y5bQhKB9T7MXV2UbLdywF/lRdmJRK5H0XTpRpAmxtb60U/Rwk4dS6pXQZp3SvpDhIO7AMo9qVrGTInJ2asaaRf5DSTdoIRRNMTI3D70UR3SJFbbE8vpRwiHWFukkcssoqmg/Zi2X95RIYUTPrGzQYjm9NNi0S3DuwkltNi4JIW9Fudsi8TSYH6N6yhQ7lxtQYXMat4yMYZtrbFopJEXd0ECcQOzIsrET8xalRt/7YSTc4Ti5bvv8A3hZSopCDkwuf0kRYNlCxJjHNAM1MuDju+1vJ8eERLMXJUcpdYe1GLJJs9LDiSC5uYtT8/EgJ2YGlR3XBu84GOZIS6xDbl9nugeYebJKDb/2pt+UTjFs1NxSJEf3uyP2wX5fSLFoXRjkwQqQ2j2u1wX5RWNHi2Tg6witHeb48sPnHVdCtMi00jZXDblLujXHHXZ5+XN5EPYkmbRQhHLBCMCO7EgphG1YrZkYG+0JDmjmHS5v0J4bRyESF9a/vHUnywjl/TmbbceEBG60VI+Q8aKvPb8IZR5BjJxehbITwuJcO8OUosEvMi4gqJdX+8c4YmHGSqN1t11vzT7RZJDSN1vs/en7Rjy4nF2j0sOVTVPstavRPKvlWFAPjaWblE7D/AB9qMylsrKGhw6OsQrd4YE17ja5o3lXv9xQSoC5FOTIqKTC5GbEobVFwYrRS7kvu7sNNHzdyUKOjNp0zpQT2g1+SEkuHehb6GLikhb0PmzrC6bAmzqI5S3o148laZgyYr2hPNaCZmLd0orDjDkhMgAiRD7PKLu6+MuF26MCaMbbmzMyEburFpU1RnhyTsPlnfV/piMJMplaiNvtRvOONtkKD+qGuiTbt3olje3F+Fsq0pL01a0UIpEZ6DEkKHaGMaHMtj1o02Zqr0pTujCl3RQt0odBopuiQXNqy5jlgb0kUhUkgNtnMnxcFfWb0ES7OsSHc/o0XEqMBshqYSSRsTYOsqUSFJuW1GPHptusOJN1t4Ik6aKW0yrK684VhEVsO5XR40gZ+WEXhUYdtJgMQjuaiXnrG5HjTeFBG22JiO1Pdj1EtiCcmhZGpWx6EnSPMScpaF8xMk4pJ/wCUAvO4bwj+pCjSZmW3MRK0vdWBSccp/Ey9rV/RVjBOTs9LFBJGjxtitS3u1iKfDjArj4jh1S7MAaRnM1BIvlGoFd7I3fOF4tqzSpJaJ3Li/wDHLAMy7bltzdXb4wY+9u9ofzyiJttsv4hFd7VBupyVaUXz+O1b4okM0/BYM04JATY2utF35k4URfGipHXeiDxEwN1w29Xu2p8qRy45WWuEs1olaWZOC8vDw89sdS6LTcvMNCjblxCKXCW2nBe/jGiXRgrZbGSiRYha2RJEjgOdK0SjivSWb1jk0vacS20t7aifJF+cda6QTgy7DpkWURX5RxLS2scIs2Yiut3uaIq8sFisAMDlyuWhdYv6Yaybe7m9r3YSqmrXKO7DGRdIlG4va4QMitFcM6dFgR3LvW5oNlpjCn+6FS5sOt1hxy/8xMyRNru2+95R50onrxlaGyzRN+7DHR8xcVXCt7I/myEavjstu/OESEm6ouWwqBKNnQGAbmAthY4w5KH7ML9B6QmCMALKJFvXXKSJti0aQltYOWGaUl/DPuLr5MkJwXEpDAgFxKRVmDKXKLJJvi8kdCXjEyRraK1p8nGUISHJCVnSpSQVi86VkhfAsua2Ob6aT0cTQh3a2xTlK0IoRcGeS2n3Jh4tYW9uwymOkE3IJc2Nw9aKDJzvrBX2oub4DMMl1rhirfGSZBLnBxJh/wAQ5ov5Nv6ohf6WzMx/MtiiuE4ypCW8JWxLLOEUaHNJWZVEuTfSyZZ614wYnTNldolWKegRrl7MKsqYftnTm3hcAYWzrJZlGAJbTGrtQo2mdMNkkdjxye5MtPLFKooVuNuVg6SceZTtQAc6JLDWVNsk9qOy44paYcWVt7QdJtk8QqUMSAm1GBpKabHrQS5Mi4uUs0YcF/cNudx+2evPC2mb/bmiv6TnWXCERExL2fukaTkxMvESuODYJZREsB8uKwLx7RW9bMpeCJGvJO9GfFir8mYhst7w3F7X7JAOkdJYEjI+zmFRTy4wc8YintdneXzptX8whDPETmFt36bbYikm9mnYEAaxakTREW6JOIK+SVhowxamYrfZxc+GCwtYaFw7dWY29YR4/OHkuz2s/wClc3lSHlLwEUzVJZv+YQ/P9sICmiLdl5hox/09YnngtMfDGDp14m0tbG7tZUKzlVeHxhI4yNSUnBL3c3wVFWLYk3szZpJOgZwCbUkK4S6wkKivh3+dIaaD0i9IPNG2R2XZhEvt5p+JCZ+eEshDlEcpjWrfhjs5ps5UXGPdHTBEVN78/wCIs1aM6ez6G0fNDMtgbe64KEPmkGIkV7oUeslQTe1ZK3+1e+kWNEjPJbHRVumcrrpZ1OrcBH/7aEil8kX4xxycPWGVw5rs3xqvzrHcuko2y0wtu62v0WOFzuU3ULeuX41/5iuMRmzYy5LRwstyZhHy8sOOPDBdkHDo9lnO3MNZSutxK3kiqiKm3BOHekVxwyJd72oYaMnSG0Lb812auXgtVrhFGrBF0x+Ci4I2j/US/vtjx8dWnWH3h+8H6NlJhxCWXEB7TeOzhgibf2WMmpcqFrBIT7PZ+EefkXFnq4pco2hbKzLYra9d7JDT6Q0VltwbNYXauu3VhKgEJ1b6v+mKlDNlB2kJXF1rVrE5V2WjbPZQpiUPLdb1bS+deEdA0NNE4A6+ZEjtwaEk+cc9dUmyBRIretaWHjSGGiTFlwvSHBttylbiSLCq+wTjaLhPy+NY20dN6shQoFlptl4KN3Za73djEYPjUV/V7sI1TtE1tUy3rnGKfp7RDbxEhDvRaJB8XgSF2m0ttKHk9WiWJVLizmelOiZS6Ebe9vQd0ec1w2ObwxaH3W3AL3YqUv8A9I/d1SKAsrlHZ08axu/kh6T6H1PrBHKW94xXGEtjoelH2ZlohykJDFca0c32Y6OWlTIShFvTAk3YANSqsWpJRum7AhyDdVywYZkrOnBRdWCONkUbAwUONU2SRuDLcD/0yMXFtiXUQQL7gpSGRS7cRqDYxyyykx+EvAJt+ZrlEoYFNOCFC3y3vZ/aBnJxsetlhZOaZEFFG21dPqiOZBXw+6xeCd6NcMdK5MINwRRSfLAesRWiPdXb8EjJaYF4q5i7A4iNOK7OUKyV1xAcnvWKWZhgcU8V/PjBki6VS3SNzwFG0Th8YdxLph00RUoOW7wFS8qYJCt5BbAltHLul2lhqbQuKI9osxcXFhbp90RC1kS/pUfhCepDdJs90C0RJcTYgJFvOElCx4IqRYHmbUEGxudLdEcvnROHjA/R5v1QFbmtTrXbO+CDmxZN1Sbyg3dloKDhWqrt4JTzXhC1ymNJ8cdgU5qZAKPXGe6VpIWONaIiV5c+EVad0hrN5swH3lLz+NY90hpEnHb3s1ua2234Jy/FjRgpmbMECSBSWpCJYXImPnTbSmysejFUqPKk+TsUOIN3qyugjR9wuj6u4h6pfnfBE3KBtENU6KqLrJIqK2abUVNqY84DaIq1Lur+0MIfQHQe0pYVbutu3scyUSi480izqMVL/D0iKVqQ2BdkEhtXata/JP8AmLaRYRCS2OA6TZF5l4bbvVll7WFI+ftNNkLp5fa/b4JRPKPopcyEnajh/TrRzktMEhDaJ1cC6uzYqJXlXwgwezmUxEEizFaMGyDc1/JHKXWIuFfHwiOXlxIh/OaxYNRkaEnnmGsguvMNqZCqrhVKotLUJcK1VESmNUq2KlZvJaR0jILV4gNkSS4XGt1O7BP38Its0kvNtg42IjltuGniiYcceOMc7npaZ0c4CDMk6BjcJEJN3D3oWKV76eEWXo7PDq3W3C6qkObuqn7YxmzR5K0a/p58ZUwZ5LXN4hEq3W805/ixM2Wag3fMYi0orjbzNua4rbh6yU498EtAJLQv0kOW1OEY5LSs9OL20jZxBLBzLdulu4/SsaOC82mUSO2mUsvj+8bPqTdqODcJZSLvTYsDhMuNlS7dy2l8UovmkckCTDJLTGrQkG4Ttt1ZdrkvdEP+bOOGAXENzqXl54+UevCLyV1dpj4Fd5wtbO5yre8PahqTRN/o6romZEcBLLBOm8zRLFa6Lg85/EcIv0r8otk4xrGyT2Yk7SaJOlJMoSzBDhAU40RZobTMi4JFliJWStzDEU0ac2NTi0IhMu1EwuFGPN6siSJWZfWJHNKzwJKSlRHri7UbXlHptWxrqy7MJS8A3IBSaIYkScKm9AbrZDHophG5Y4kk38hzU044sTuA4SfxLfdpALJEWF0bOI43iTx2+yVqQ/FLo3/TpPs9fBllMxXn7yfaF8qnpDm6Nu6X9+7CI5l8nOsRD710ESKOZtXvfJtMKr3xSKaVmptdIkn8t28RYDdvYcEjzRrBVzb3WHwxp4Jgnl3xIZMjag5hHMbhbKpxrxWvCCZVREbhHeH/AONOarzXbSD0gXbNnD1Zgjd2UVLLmuWnOED80884SOEd3Vu6vhxhokyRPit2QBLe6y05feFEsZTb9rOXWOo2Owtq02+cdFb2jpy0l+y26MmCbZoIiNvWIUqXPy24/JIS6Q0gLLjojmMvautXjXv7+HnWCmnhZCdRty61xW2i7IbE81VF+XNIprjpNuGt2a7exg4Yfk2xfqMn4pIZBJ+kgebPmtHduRPp8IYPuM2SpTMs7rdWhNC3Wj7daoqUXBa15KnkkQg4yQicuXVS/aNq8V7/ACgZ+f1eA5e1+1Y11Zhug3Sis5TGaF96ZIyfyrRs0wTFUxqiLz4QqEPSCBGRzEV2UUJR48vH5d8GaIkZjTbmqlxK7Ajc4Aldq922OodHehcloi0y9e8Q7xDgK9yfHjxWA3QEx90YlXJKWZBzetQizXbUqte+tVVedYdqWEBAUTKWERbGRspwr09oKU0yyQTI5v5Tg0ubXmkHXR7dAWgnIZjoJpOQvVkRmBHd1e0l8FxRFr9YHcmnmwAPRxB1pwvWOVqVaLQhpRUTguC/GOyqsVPpn0bKbZN2Sb/6gBuNsRTOnHzhrvsKdHPps2XhaQrzdMlcmnHCShKgqgIKItUFKkuNFWvckCA7qXbmyK1zq9laUVO9MYhl1ecQ0cuL3uqtaUjSecyig9lPjzhmq0FO3yYdpybEXmVHq79tdvGnl94bKY3Ct2UhQverFW0qROKJEX8S1y7uXD7RYjbFttpCLdb3sSu5048tkY8kUkj0cE22wtwNYJJnuwK0hwKnJYVTQkyorbmw9lIMamhEf4lw7wldb8/3SBpp4XkK224f1fOFit0x5vVonlp5ty3WDaX9V0BTUqWsuZLKRXD90he3vUL9JD1F8vosM3Jj1R3b4jdl61OPw4RRwrolHJb2W3olpApZbHnLmi3eYrF/QhJB5FHBGNMOXiouFf2v+Y6P0e6QPTrdr38Vun6k5xOUGkLKm7RbXZUC6sLZzRY2Eo70GyzjhJmKJtbdgUT+2mcsklo5hP5TK6JJWZEYYdJtGEy5eO4UI1ZIYhKHhgyt820Hi4LixNrG/ZhbYQxIixJwfyTTYtQ9YlcsbJbQuyMRSpi3ahN3XZuETq62P8ve3hH5R6SRCvbMYMa1LdiGePHNu3bo/eJEdboKiOaI52X1jZLd7RD+8FI1/TSp0AlMMinqxG7tES5YJZtbbG3MTnrCIq7OC/PBIUstuCVXBC27rDj5QdNOlsut23F3JtWnP9oqka5TvZIhay6660d7rfi93CCjmicS1kRsHrXXJXbROK+SQpURcQcpW4WCRIIhhtWmK+H0gptj0dslIiEXN9z+HhyTjj8tqwZAiwmSc1bnVLKpd2zFdvPxhTKTbjcxcO+JXAPtJs+dInlHNW4CjlBxzVj4JtWq96ongkRtS9s60JW53Ozu4YQFpv8Ah01aX9Hrej9W0YtjyHhwSldsVTSzTjTnrOt4bPFNsdLkQF4XRbG3VlaRdpe758opnTCXtIVL3RLeu84GGWzs8fx/gqknyERQitzZdlSwwjaYlSeMUZzEW6O9cvl+bYVgdqxd+hEgU0+BuDUGh1mYd5eC14Y8E5eUbDCXvopodvRUuACOchQnStxI1TH4RZQTtD9YGlgwgtIjIKNkGN1XCkQm8LI3OboxVtLdL7bklxHiJERJl+ELVjWWtso9uH2Y5uvSybcWoy5lb1hLlEydMJuo+rO0d5u3j4pB4sJ0VEjYRikSvTN6oo8yQ3drq/KLZo3SbM6NWyzdYeI+UK1Rxz7pvoD/AC5wn5cbWXyW63YDi7UVOSxz2aMbqf8A2j6B05o9ufl5htwbrm1IfFMUjg7+jybdUXHg90aukXKtME5ba4Qyeg14b6SlC1DR9kkHyVf3h8rwk0ypDaVqZcRUcMFT8+kR6WlRbkiK4rhtL5p3wrTSLb6VJy1RFOsmblgvfEJJyS/RtxSUG79R6+ZXkjd36aU8+UaiyXWLdgZ7STbO7nL3oFe0o85cttt3ZLup5YVhowbBLLFMdSzgjhq/eLj3xu5Mt7Lcv5+8VuTnSacAiJSS7OPaTjFrSWJxRXeAswiXJUrt8o6UeL2dGfJWvBepy9N0R7VtBUuSV5YcIc9Hp1uWdEhK0R7RQlnJa0yEmxsHdIaj3Yp5fKIWG7l/iERXbttuHhXlHNKgX4dektLMuYiVo4QdMzzbaCreYo5hIaZ1OQi3su7bbywpDKX0w9mykRDEGmg3Fdli0lPtzbRoQ2kMVUQIt6JFnJh4yTUkPaiNX8c2W2M+S70ZMrTZ6SEJWxouHajz0oSUlGJRWF2QtCtSFy0RylbcRdkExVI0M+AjmIrRH5/RI2VjVq72jFWx9kFX60SByItYJdivW5pRE+kbU76Mtm6lbcokObqx4c+VogO8X1XCGvR3o/8A5i6fpBeqapcI9/BVi2TPRbRGS2UzCSENrijj347Iqo2kzRiUu0csnnXJcqW5u1dale6GDGiZ95sSJkxvoNxCo4KuxE44U+MdQldD6OlM0vKNCZZSctuUq8K7YLKV7Q8rfPb8/pD2ka7kzkZShSxXONkJdW4Vp5c1+URuI29XWOKRBl1hDgJ8EFOf5isdP0poZmYAkey+12Yr3/pESEFEi9WK2N4CgqvFeaqlYRyVlU6WyntsO1EjHINBZEuSYqq+PON9JskJA+yWcbXN7dXl8a/CDp/RkxKKaTJXOuZWi3kBtUVMO/D6RqJNuCbRFm3gLtJsTz2fFYW92VSTVfI66OaUZNpLiHNmLmRQl6YTDcxulmHq2wkcR6QPKVqFX9MDTU56Rdd9oeOOnyXRHJk1xfYLLsE8YC2NxEUdl6KaMGSaJOuVLit3sNuPjHO+iOiym5hlP5Wsud9xPzZHY9UI22jbd+ftGhutGJhbKWpE0RiOEaunaJLu2isIwopnTXThNmLbZENo3Fqy3kWqU74pLs0RKJPb3VHh8IN0y6L0xNKVpW0tzLSleSwifmS2jmEfpFEkkc7HLJTD1tvdl81ptwrtiVJV4ltzCVtw/mytKRVm9MzbK5SUUw5js2fCHgzrjggt11w73j5wG/gZIMIHh7duPwSGmgtMPSpjaXvdbBPBK/8AMUmc0tM3WiRUAutmx5Q00VOuCYE9lt+mxa4+MK9hR3GVmhmWgMbcw3ZaF3LsjjPSFoZaZeW0htfK7rXJXaicI6T0RmXJhr1n8sU+aV/PGEnTbQAk2883cJFmMR63f5Y8YmluhrrZWXNJMzUuQOdYd7vinzMo42tGxIhuy5d7Cv0VI2bm3G1IeqWX/iOidHdCNtoJvDcIiIjcO8aJSu3ZhTyjlHixp5E6KtonoPpGfQSeH0dsus7W6ncPzxpD9r/DeSH+NNvH7ooEXRpdy3d/OMEAF2O8Nv7cPj8IZyJ0Ul7/AA60YSJ6NMOsOj1nKOoXimCp5LBxdE58RH0dyXO0bSzK3clFTBFReNOMWQAEXCQiykNw/dPznDZtu5Or/TE5NSKRco9HItLSkxLEPpMubBlQbSoSFs2LsXYqYLwSIwlW3huERIgLL4UrSvhWOvzMo24BC82BgW824KGhJ3oqUWKzpHoZLuA6Wih1DxDcLWsuA6bESu6vJdnNIVxfhWORP/Iorku2W6Oa3KJeFU+6eNIJlj1eOYi1ebZl5xIEuTakLmU23FbIXMq4LinziduWZz23ELbald2lWuH0jLklevghlmm6ibDpDISXDd7sD5SSrm8UepKjdUbhy22l1TXBce6INQ5Te6yj+2HJYjW9MzynJmyANKNju/7oyrnZKPG23GyFBLOPW4FBNzi9j+qD0BNsAfXXGVpDcI6seVUTHzqqwIsvc4dpCN+YcybF7ueKL3RMrYiJKQ2CPrHRxHZjRONVVK9yIsYzKE4Vzg22to8W2omo1wTl9KInGNcFRFVZe+hkr6PLkpDmNxS4bOHzrDacC4gy/wDj5wq6NzPqzQSEGWGwb7OdEuJVXwIK8lrG7k0U/mEbZRsitIts2aVpSnUwTxrTZWt5dpI2Y2kh2LVuHV7MTpbs/piEXRJSQS/h73nAbukhbdFOqNBIu+v7UhXoqjXTBWiQiRDd2fvBLSCKChW3W3W93Pwhdp88AId3eLwREWF0xMlLkTmsK5ypCN2GC0w5bUSkSboslaG+kdHS86BIQjcQraXEV/ESOTacEtHOUKutAshbt4V2/aOiJp7VqN3WpcXZ7/pFQ6XAzOk2uIpfbrBG62tExROC0qipxXxpSDi2TlJxVCWbdGfbuHebFSuHu/siQjbAiKntQzlpRxjWZt4bQLgRVSlU70QvJYsHRnoc5pFxHHMkuNM1qVcWvDki7a8vGLRpaRGc1J/ssnQDRZNhe42NvULEbvn48OMXZVuWv9MZKyYsgItjaAjbl5R45lWgjDtk6PFcKNzzCSfpjGw3UgoGcCTL7MI2Okcd6S6JmJd14hEs3s7ycVTviqDNE3dcMdt0/IYiRbttv4kc4mtFSzZ22iImWr+/7Q0XfYaoqvopvjc02RWkt9OolcPvDJXNXYPZ9q3uhimjG2FK3dEVIreqNafCq4wpezOChF1lbErbVggNpvRxFZqGVvIrzcuUrq7EROFOe2DtD6EfJ1pHXEtuS8cdlcU+ETyU0Lbdzm828rY3VzVRFT6LDfRJi2hG9cTplrBG5aUXYninKFvQy2dI0C2IsUEbbXl9q7lj4Qa/LNzImDw3CWUvBYD0FM6xmjg2kOUhxywe4HGEOOeaQ/wykNa0TMy8AX3m3g5cPJFoip4qq8YtIyotjRlsRERtERrQaYbdqwdOuCRNKJc/sv2gJ6bbbQtc4IiPteCIkc3YEgZoSuJLso5YZy4CP6q/eFCvCy9QnBsfpZ48q96cIYBMiK0uy4fSAEkmJS5LhIrxzDb1k5fCCGHMB7MQpPy7dqOPCJdki3kjyYfFlCIe63NgVVwhKrZS70MQcGlIVjOky6YOEIWllu6/FFTujPS9Ynq7RPC0S60LJ4251RNu7XNCom3wJEXCuEFu1o5RSewfpfKMvCMyyXrW/VuiNPWJVKKvGqLgvcsVEXszQjm3RIrcBrjjFlceIsNSdpDa63vY80/MYrE5KuS7h252hFHBLHKly2ovfXDu4xmyR5bM2eDi7QSN0wRERZW8xW9XDYneq0SNQausHNYQk4RF3bMe+iokCsHayKC8Otdc1hNN0JcFVURaVRKqqrRVr3USDmDHOI3GQuII2lchUQsUVcUxSsQkqM9gquE2AWt3Fcl5byDiqJ949eRsCVLjyoicOUezQk2ZCV4gTqNgQ8iSorTwRUWvOPVaN1VIW0ISJVAkNcQ4ceUckMptdAmjkGYVkBziDgN5tpKqLVKcqYLXgiryiTST9pkpZdY8giIjugOK154ony5JAmg1GUpdUXRue7a7FRFw8V+MaOmTijrHBJ3AiabJMniS1xVeWzvja+wLQ4HSLxS4NsiYi4Ja3KlTNVuVFou7jVedKcKQUzpgmQFsbhIXNYHW1YCqJgnOqovxhLNTAtqIt3W2oIiPhz4xOOYKiOYhVsbuQqq0TvVVrCvJbseM/Cy6G0uOwrgHK4ZOFiS/uuOGOEY/pVl4SFxu4id8yovFfCnwWK82YicqA9UkEtnJap9UrEBvlrnRG4rKkIjTb4wOZZ5qLok8zaYOOXA21rB6y7afKi/GK3pVxsTtykbdbrh62FEry2184BcmhbsTOQ4iWZKktfkiqlfCAppxxxR1jgkJXerxqNq4ptxWlYXlyYrzuqHaOi8JmTNw/wCmWS5aYJtSi1UYW6OJHVUdepejncdpKiF2UVeKeOG3DjG6zBNg0GGtwInMcikqqqc1TDZ4Ro442y2ZS4533EI2yoNtMERPNF+MBN7/ANEnkclRCLIzJgTWVknAIbq1JFTNVcVVakqfCmEdH6PDq2xAeqIlvb1UqqqnOtYo8uWrE1LMREjhCWTHbgnBcNnNYbSumvRFmlEtaAig5a1E0TDvpWqL4osVhlqVeAi9l7df1IEo7w0t81RI8RbsbbYSO6SbeEVu3iS3N31X7w1bmm6Ava3fGNDZoWwwBtUYMRYVq/ctnWId6Jm5q5ol6zZK2Xim2FY4s6TPuUFGd7EuGUU27Yoeky9JARIbS6pW2502IlPKLlpp24RuIRI6iJF8aeePnFLnhuwbzW5buJLTh+LDIK2J3ZoiamhcykIi3d7xJx8lgd8HBRorhK11CylwVFRftDBpkbDR7r5iEduGCY+KrEDKiT4plsFoht3sUoqfOifGEUtsi5U2btyrerNRK43HBcG7aKimzvwVaQ00fd/MuG6lxY7aYVSBhZ9HuRsRImiRzNspXGngnyjwCcISVsrbRXdJCuRMaongvDuiayrYI5Emzo+g5tkmyHWBeJdXrd9OXDyWGjswN4pcNoN60y8aonzRY5XJNsuEavFcIijmuutVsLUXBUx47O9IYS/SVwZc9S4Q6zK66VCVtulEomyu2tdi89sPy0mwrJqx/prSbcu4ytwkJOI4VtMqLVKqnLHatPGE83NOTrzLY2kBFdvXJglca8kRcP2hO9NC8LXoxXFdaOwr3F2KpFgq7MVwSibIHcaeZItZe06FRLNaQ4otFVOK02pzhHkaCssVdlomgcKVaG71oEhAXEVREovxT5QUUwVgk5cNwoRWlzTHwxSEwaVF4yHrakGezYiIq1Xxr9InmppvUAguZio2Xnx8NkFTTQ8ZxZFpKd1xMk2XrWiX+IK0JFRUXZVUXj4w/lXSel2gcIgNwVIS/wBJa1RacqqiUimNTfoxCkxmtK0iIsKdy7VTZFnkZxsm3vZFNUREg3VVURKfVea90C30Ucop6IUcnZY/XOCZhUh2jctar9KJEY6X1Lt4kVuN13etP7+cBTk+UwbNpZScC3ZlRduK92EK5gifIk1loOPuCRF2EVcETngiRyaWhJ5VdFg0tpJsUJGSEDKhA5iOPjTD6RXH9LDM2pMN2ui3q3XBJakirtVMEqi0pTmtYEmSKdQc5eji4rRiPEOC18UX8WN21JzVXWHq/VjrBWrlF4YKvBNtEgSaaM88nJUTS9rZgY36kBLepUXK20VPGi7OMEyrpSxAlo2XEXErU2IteK1rAno8wJEhCRARIRW5bqrtVefxiUjucyuFqQErh7kFVxSuNFqqRB03ozpbDZmYb1TKXCZk2jeru3lRaCtOG1eO1E5RocxeqqZmpLvLai1X4wFowG6Ad262pCNtvFETnz86eMY2rgIiBq7UTC8cfOFaSA3RAhOZsvVtHZWifTjEbaaka22m7lyjgA+PNcIyMijHZtaWqaIsthIRD2oOZzWXbotk571KbE4rjGRkT9DHs2bC6YZK4TAiuEhHVpglEw5/3jV4tWy6vXfdXllBF4fnGMjId9HP0ElnhbE7hErCR0estaUp/aNANxxQK20gfIrbdtUSqJyotflHsZA8YnhO6AiuscHettHtcvD+8Qm0LhgWsttLI3vISCtaKvx+CR7GR0QdPQS06NlxWkAkThdbBEwqvPCMKaJtWlttB/KRDtE8KRkZHUrCSrOTEugCQ73rMvVVFVMU74eyOmdYJg4VpdTZ4oqc8fpGRkUTZqgbP6fmhcAxtIB32yyr30Xj4LGaT04Mxb6PMaoZkk5ioHgmKbEqlE8o8jIpb0Bt2I5sXGzBBedM8wuk44pXVSqYKtEpRPjEOscsEyuIbVzDsLaiYxkZCzbT0Lbs9Qio6pNiIttoI8y21RfOqxEUrarVu6Rbxcrqr8kT5xkZEVJ2SthM66LL0oZfwX5ZRdt+FU+EDFKi1QGHtUZCbTWW5SrjjxTYiV8IyMgx/wCAXaB00c8T3rBwJsRIhLiiJWqc8F8cIIkpc21cEqejnuCIqSh3rhTbGRkHk2G2b6YclBUAlbrQbBsiKudUEkVVXvy/OMcnHp0QN+24B1ZEJJnRFqmG3Ba7dlV4RkZBfR0+2QibhEJCIl2yHrLwTuho03kH0gRER9bdctO7DiuG2MjIlPXQIdCebZF0rnW7rbiC1y7LXjy2Rs04QoaENhtetAe3VMRVdtK4xkZDJ6Bbs3aVwjaNzeGpcaYIqpRe7vid8sogJCBEKkWbiu3ZguKxkZHAZDJsvZE3RISEy3kHuw2eMYquSz0slojeSXCPUFVpTDmi18Y9jIK7YUHvnrHTQnLSF7INuBcvCm2BQYJtHVzF6gbiw21oqoteKRkZE4gXZM5o9ywrbT1raiQtuJWiKi07tiwGJuAlHFtNMCFeCxkZHWUpH//Z');
INSERT INTO `mascota` (`idMascota`, `FK_idCliente`, `nombre`, `fechaNacimiento`, `categoria`, `raza`, `imagen`) VALUES
(6, 2, 'princesa', '2018-07-22', 'perro', 'pitbull', '/9j/4AAQSkZJRgABAQAAAQABAAD/2wCEAAkGBxMTEhUTEhMVFRUXFxcXFxUYFRUXFhUVFRUXFxUWFxUYHSggGBolHRUVITEhJSkrLi4uFx8zODMtNygtLisBCgoKDg0OGBAQFy0dHR0tLS0tLS0tLS0tLS0tLS0tLS0tKy0tLS0tLS0tLS0rLSstLTA3LS0tLTctNzcrLS0tK//AABEIAKgBKwMBIgACEQEDEQH/xAAcAAACAgMBAQAAAAAAAAAAAAAEBQIGAAMHAQj/xAA7EAABAwIEAwUHAgUFAAMAAAABAAIRAyEEBRIxQVFhBiJxgZETFDKhscHwB9FCUtLh8RUjYnKSM2Oi/8QAGAEAAwEBAAAAAAAAAAAAAAAAAAECAwT/xAAfEQEBAQEAAwEBAAMAAAAAAAAAAQIRAxIhMUETFFH/2gAMAwEAAhEDEQA/AOlalIPSX/UOq9GYdVio71Be6wkn+odV6MegHYevdSTDHdVIY7qgHOpZqCTjHL0Y1AONSzUlHvq999QDeVmpKffVL31ANA5ZKVjGKfviAYyvCUv98XnvaQ4Pe6yT48In3iUNXumap5lhZK0MoEBP69FDVaKm9VOAsOEzoFBNZCNoLowyraV41eleNWiWxD1UQUPVVhqKiVIqJSCBUSpELxSbyV6w3XkLwboHDSmbJbmKNw5lDY+kUtX4UhEd1ILwi5XpWanoW1oWkFSBQbQce6eK2MxruqJGA6LfTwSzAVuKcp+9ORrcEp+5oAJuKctzMU5EtwS2swaDDtruWwVyi2YUKYwyAD9uVnvBRnu6MweTF93d1vM8fBI5ChtcmwRtDB1nXDTHWyfMpU6dmNE89ysfi+ZStXMFYyqtyB81rqYOs3dh8rphUxh3E+qb4B4qsiYcOKUvRc8U19Vw3BC1+9FWfMQWnTUaCOBiyW+4Un7d0/JMvUJTrqRrL3EYZrDpLhP18EK8wqkRU6j1pqmyhJWP2V+pNCIoFaAERRCvJVsKxqxYwLRLah6qJQ9RMNJXhC2hnE2CjUqgbfNRrUhyIikT08V4+mBu4LQ7FAi6HrVANt1n71XBrac7EHwKjovdBsqtsdNzx4eaK96IF226dUe44YYVb6tGQluHxrT0R9Kuj9K/AVXK5QWJy1w2Vlp1AplgKr0L2Ul1EjgvAFacThAeCE9xCXD6L93Um4dMvYr0UVnxQAUFMYdHiipikkC8YdTFBH+yXoooAH2IFyYA3PIJVU7R0NWimJMxJO6V/qTnXsmCi0wTd32VN7FYY1a7XySBJKmtcZn7XY6OLa0AMaNXEm/1XtfGdZPj9EuFhC1uqXUdrSSDH1DuhKlaOKhiq4bvcn6dUBia3O3mkoTUxkI7I8101BOyq9SsoYfEEGZ/IThWOoZ1Dqappqwd+KKzXNCKDRxgfJVpmN73W6ekYhrnND29LTqh4ux2xkcPBCZPjdbfZvtUbY9SN45rfQxwNnEen3SftGwUnDFM3sHQJnlvYDyKM3g1mVYNCiWKOVY9temHt8xyKKLF0y9c9nA3s1NrVs0rFRIEL1gXsJX2hzxmEp6nXcfhCrvC4cQtbtIN7nkuX5P2nr168NcdOqSOAHJXqlVMajztyUa3VSDMZiQOUpPXq8/T6rbXfBE3J+Z/ZLcS4u2mOPD0tdZqFsxQ2Ect/wA/AoVXkiAb8Eoq1o2EfPyWpmOiL8/T/JT4Q72zg4Ttt/foiH1CBIN+N/lHLZJamMkzIPl13+Sm7H2/Nwfz0S4DUVyevO+3JY3FFplrjG0cDzSf3jUB3jY7c/VQdX4apIjcDflslwGmU9rSys6hXN9XddtY7SrnhswBMSuQdpcLqYMQyzmWf/14HyVl7NZoatJj57ze67xC0zUWOlyCFDQh8ufLQjQr4kx0qQapwpNasWqIapBimApgJhrDFGs4NaXHYAlbg1Vzt/j/AGOEfG7u6PulTjjfbXMzWrvPWArv2EwPs6WqNwFRclyw4is7k0F58l0XJ67Q3SCLQLFZ1t+HzjAlQADRqd5BeYcaiOQuq32o7Rmj3abddR1mjYADcuMWASmbbyD2k+0RmmJdJOlwHOLID37U5sOndVHDdocU4tea7H6y8NpAWOiJDhctB4G6tNCmx7BUALZAMEXGoTBWuvFcz6meSavx6Xy75Imm2Ah8LQk9PRMDTHj5cPFZcXReMYXUWO3gD6pDXEGbq4YfDasPEf5lI6+C3BCdTlXsZjDIDdzHgBz+69wnajDVicNqLtXdlwMOPNpIhaM/wjxSeWXOnh8UHeOsSqbkmCqe3DSHaJ1TpNouDcWV5xLnqdasq8dl8aaFc0z8M6T4810SFz12VVXVG1GsJa+Dq6q/4dpDQDvATwnaLgtJ3RTgtOi62jMRh6EiVxT9VMyL8Y5gPdYABHM3K7di64p0ien0uvm3Na5rYmrU3l5P7KaFg/T/AAt31L8GroVWsGgTvw5eqq/ZmjooMHHc+J5prVqcTz6qKqCalYRc77845eCExNeGy63Lbby+63UMFP8Au1bDcA28zxVczvGBz/itNt46WQKzGvPA/ulxxPDwHgJ2/OS2VqsC5vHolOIdeeaZUaMXxH5PJeDGXmeEA+klLCeXJRou4SmR3hMUSQJ9LAdU7e4PZcwfCQI5kKnUqhGxjw5o+jmBaN4+qVhw4pGCWvgh1jBEFpsfFLeyVQ0MVUw7jYm3WPhPmIR+EfYGps7YxETz9Ul7RE0cUyoNwGEx/wASR9AlP0V2nJX2uU4VU7OY1rodNnAEeatjSIWsZ06AUgpaVBwWfGrY1ThaqYRDQgkIXPv1ccfZUwNpPrZdCcEJjcBTqwKjQ6DIlKnPik/pX2e0UX1are9UsAR/AEE7AGjins4EkjwN10ykwAQBACQZ/hQKrXxctIlRZ8VL9I2OcAYtYwkuc4AV6bWyGvbxIkGQQQY5p7VcJKCri8hGdWXsVZ2KXhOxLGuLnVGtmfgDnGDvBdAB8irY2nLQxk6QAJN9hAE+AUS29rpvhaHdA+avfk1r9GcyfgalhoHdB8IEk+ey8GEM953kNvXimGIqhggJb7QuMmw+awrWLdklNhbp/CszLImGXNlpjgSkeGxpaRp4Ky08WS28eBTlK4/qk5tl+iS245KtYzFiC3bp0V+zRo1GBIP8P91zbtBgT7QxYzO4Hhf5Koiug9kK7X4VgG7RB59ExrMSX9O8KRSe48SB6BWSvTVys6XSsIUqjFBaypV/t5mfssDVdxI0jxdZc/yHsr7TBNrMM1HSSOkmAnP6v4r/AGqVPgXFx8hZMuydLTQpt/4j6Ik6SpZfiiwFrxsTCc4Go1zm6jvFvr4KecYZoquEWJ4dUKykGF0G42PJZqbu0XaOmxxaQHkWDZkT4cVXauZPrUTVrUqLaXtBS1B0VA7Tqs29o47I7EhtSmKfdD2uLg4jeRDgT1QGB7OFr/aamU3NII72qCDNoHRbZxnn6i29+ND8KYgk2JHj+boSo07DzKaYmnpeWh2obzB+nhCDqAC55/llnTAexUKdEz+eSc0MMXWjzhbjlTj/AA+nyR0E3siDfZe06V7CYv0kCx8E19hod32lvLUDHLde4imxs9QQf+pEHyuiUEOEqVHVCDUJcCLOmDJg9Qb/ACTHOH69E/yR5hxm6l7uxveaS48C4i3I7XT3Lsup1qIa/dtweIk/RO878EFdka7hQb0JjwV0o553Qq1h8OGNDW7BbQiUuOnUM5bHeXj87pzEhVGnigQkfaBrnU3aSQeixnkra4dcwlZr7tMowBcG7Ads6lJ5o1nEwbErs2UZwysBBC06zMi1RLFtXsIDRCS9qjFMHrHqn7mpP2opTRPjKmxUUV9cyQeS30gXD+5QRdeJgzH9k20gAcVC+h2tAv5Dx5hMKHLl9TuhGuDjJ+FvDmeACLuG/Mpm0YsAm/54IGriBtEDZSxtcTaUIRPopXBQqwJHzTLCY9+kB0R43XP8yzfEMqBraJIFidQAtyPH0Q2Lzas4kNku2Dep2CqZX7Lvi82cKpY3+WfKUtz2iXNbU4jfwP7FLskoVfirQHREAzA8UzFQ7eXTxhHGWv1cexUe6MIG5dPWCQnNRiS9i6g92DQZ0ucD0vIT6E2ZZiKaCeE4xFNLa9NXKmua/qFlFSviKOlssAMngLp5llLQGt5JpmbUDhh3lcSrue1WiqS7YHZLzV1NPCVLtc7TWPI/VLMI8u7o6LLinjq5aRMAdfsph0iRcH7/AEWrGMJMWt+XWzBaQ4ar/wDGYEqibKlEhthexE8ORjn81rw+AGqTc7yRP/52G/U+Cc42pDdRHiOHl0SQ4hznbiTs2LceA2CD4bUIvMn6W2RDmk9Pzj+yV4KWAlzpPyA/AvK2ZlpiQftz6pAzD2/C4yPI/LZAZjljCLWHAx3QTw6A+fklWNrF2zoPTeUdk2Nc5hYTMcIknnAQCSoxzLEbK3ZDT7knkPnJ/ZI84p3bA8Z5bBWrAgCmANxv5BNLYVgWFYEw9GJhSo4sGZWui1umHkII90kLnsdEqudpcD7OqK1PndXP9Ps0LqrQCYIuEFl+WHF1W0z8IMu8OStdbs03B16VRggHuu5X2K1zLYy1yV0ukbBbAoYW7Wnot2lWlAoPM6Oqm4I1xjdezLSlablGY4aCeCJw9LWwGfGN5B3TLtHgSCSP8Kv4HGGk7S/YkX+V1k0h0aQYBJsEH73qDo3/ALbrZi3SLmxv5JZWdp+G44jokqRlWTv6qDCELXdawPhC106fEz6wnGke4ineQJ4ieqEZQOs6bTcmylicwDe62XO5D7oalXrtGrS0zwkyrlOnTIAvZA4rFQbSOv0AQrs2n4mlp6/2QONe1wPLx6pMdrz+nuJL31I2LZ8e9Hmr4FRv01wRbTfVIIDoa3q0T3vX6K7tKcZvXhBYimjSVqqtTCr5rTQuXYMuJOwCeYzDaklzPNG026W2hV7fE8UrtbRDnkcQkOUy2rB4tMHwCcZpjRVkjcb9PBKnYiCDEEcf3SAzEDVv8I34EnkspUmgyPidtzA/NlNuFNQB8gN8d+cBEYYQ7kTYHci145cp6pKRzm1NgPdngdzG0/nJKBX0fA0XjUeJ5lE5njC4gOaAI9DynjwS4mxiBw5f5RBWxlV1V5AOkgAm++9+XP0WYnCkEX+3lZKcXjnseYBNhceC0HM6jhckRG+6riTDEM0mx8p+yIyHGlr4P1/OSrz8Q97yfUnZNcqadTUWEsWYtkseLw4T1a6PUTbzTnLf/jk8ST6myTU8RaDeIiYMAkA+H9lYcLQljdO0D8hKHUXFeAracKVNuCTJzTDVavtDDnQSbEmwmyeU67+J2Ua1Zt7AFDDEyp3ZVZnHUf0tw2pzqnMx6Lo2cZaKzIXPv0fxEtc3k77ArqYCrHyFfrTgqOljWngFuIXoCxyZFGe4nS2BuVry7GOdTGqxQubnVU6IhhAERZY2/WsnxpzKjIM3Cp2NyZrwYN+XRW/EOIBi45JPXw7TfY/NJcV3DMdTYGPvps13GOAP0Q1epud/C6d1HXh+380fVIe02V6mEsPmDsnwInFgC5j90BUe9+0geG6q9DB1tZ1S9u5BJsdrck6o4QAWLwepMJKl4ZYbBab2BXuJrMAg1GjpISqqzQJnzJ+yTYrFTZgnr+yqFbaOxNdjnGDqPOLJt2ewtJ9VjajQ6TtcD0lVjDUnbppSqezcyo03aQUM67nSYGtAAAA2A2A5KcoDI8wbXote3lcdUfCqRLwrwqcKFQwJT4RdmlYMaVyntFje8b2uugZxiS6QFyntLRexxPApAixGIcDLSRG/gpjGioImDxHFC1HapQNRpB1CxTKr9l+KHsqcfyFttgW29eKHfiC2qWyQAw8YLjY72VdybONJLH2DuPAO5+YTvEw6HA3HXgPhO6XDDvoTJDuO3KOk9fkpU2tkSbi/n+fVQfcd8XgwRb1BWl1P5/kJk0Zi3vFzDwjx4pRWpPkA3PiSmdbEsabm/TclamMc/vjS0Xs5wBPGeiYrRSwptJtvHVNMIeX5ceqAp45kkOseB4TI/uiqVdnRBGDngQOJ48722/LK79j9T2PBuGkD5Bc5FUatTjIH4IXUewb2nDAtEGTPilQa+6BTGHC3uXgKQcVqXUGCCovfDiE87KdnqmNrim0hrQNVSoRIY3aY4kmwCmrk66J+jlOzzw1X6WXVBWZvqHqqfgMPRwFBtCkSRdznkd5xP8To25IKhjia0Ew0S49QBsovl58bY8HtLerqc0pgwZHWLLMViWkhodvyVMr5gHOi46G1jsVLLq7m1HBzpZALT6yp/wA1/Kr/AF5/KuDsK0N5nmlmIbBWnBZyCdJcCDseo4WW+q8FXmyxn63N5QbyharZKMexaXNTMFUog8Eqx+VA3aSPzkn+kLTVYOScCh4zA1Wnuut4BLqtPEGwPyCvtfDAoZuA1ODWi5/JT5B2qD/pFR575JTHCdkaxv7Mgc3d0fv8l0zA4GnRju6ncXcfLkFLF1+Jss9bkXPHqqC3sY/+ZvofzktTsm9n3ajIHPcLomGramyFoxDWPs4AjkUpsteOwm7HYhtN5oz8V2q5EKj5hlXsMRRq0ydJeGkHhOyvK2zWFjIS7Oa2lqZKudq6+lsqqSq47M4dCrue1A9t7/ZacZjSXG8oGtWJ3UhWsRhyDZDvHOyd4imDKCr0ZGypJTXpqWFzKpTtMt5Hh4HgpvYdgiMpyl1d+nbmgJnN6kd0SPn5oKtmL3fESPAqxns0aUwSeqCqZXzHyUq4TU6zBu0n0RRzRgECmfVaMwwhZwshKFEuMD8CaW7E4vVs0BaW1iOKOblwMwbjmi6OEa3gJ4/hQOAcIXOcJJP09F2D9Pf/AI3Dhb6LlQf/ALkADbfp91ZMkziph3BwuOI5hI+OtVAtYQOU9ocPiSW0398btcCD1id/JMtKZOE+zk6pXVuw1SmzAsLfjqPcX3uS10AmOTYjxTsfpxlP8mIE/wD3Ot81DM8lweDoFuHNcuddrS5pAdzJIspufb5K1xqZvajneaaidJFwAfDkgaWYNncTEHzVGzHOcTJmixzRN9RB+lkjOc4sEwGt6QTHmovitdGfNnM46RmucCZ1CQIsb25qGV52X9wzF7rmr8yxBHfbPXb7LdhMxxIEMt5z9QlfEU88jqGNzYU3tIAEkahsJGzvT6KzYfMg4BzTYiVw3DU8TUe32tQgFwBeRq0g2J0g3jkux5BktMUGxjA+0z7F7eF9zZOYs/E73mzpzTxYO62ueEpr4UN2qavAH7rBXLdz9k7LGc1DJxUUsOPPBs+Z/ZaBnUb03A9T/ZM/aD3i6IoVBTBkGTueQ4XSg5wN/Zn/ANCULiM8IguECdjFzwU6lsX47n2Ws1bSdztPJIM4xRLm0/53AfNZUzmnVbqdZouRO55JfhX661N82Y1x8/4fqsLl1Y1z7VqqVgwaRySvAOD6zyf4QAOhO/2QWPxp1EF07X2ueC00q0OfofEt1H/sBZOZqPYx7T4j/ZfG4Bc3oWd4H1Cd5DmjcTQZUbxAkcjFwub9os6LqZpsIL3gtbewLhBJ6QmXYOlXwjQHlrmG8NcZE3kSIW+fjj3zrolWoGiSue9tM4a4FoKsOdYt9VsUu7z1ED6SqXjeyeKqEkvoR/2f/QtP1HVMr1bmD5KLaqtL+wOI3D6H/t/9Cgew2IG7qP8A7d/QgqqVYqEyFbqnYXE/zUf/AG/+haR2ExPF1H/0/wDoT4SovoAp32Pw5bWmLJiOxdcWLqfk5/8ASnuTZJ7AS67uiPpzg3E4MOCW1MrHJOu8QYG3OAtYoVP5fOW/ukrrnnabJ3EFxIawcOaU5Pl40Tq+MwYaXOtwAHqVfc/y51VumD4W+d1X6HZyvSpvFIsLnmJe5wAbyaAJk8/2TT/QGHybvua0gm0HhpImZ/NlHG4ZraZLXAkWMeK3OyvFMe3vilNnPaXObo4y3ReOAWrNsYatYilQqaAAxmzdQG7iOBJv6JcpywHl+E1C/OTPAf4RldkENteYNuq8wdGp7SnTdRcA5zQeQaXCdXKyHzDGF1Wp7Gm4jU7S60RMSPFL1o7DbJKWioH6ofqkAcANiTwmCur4fvNDuYlceyepVaSKjC2TTE2LiNRJIEjh14rsOX1gKbQJiOO6ZLE+qDZpjqUHmuFZWbp/iAsTxmLLFizhqxmnZtkgN7w/ikcdkrHZuOH7X3WLFp0g2L7MEzAA8pWnBdlXl0O2Jjb5rFiVoO29hixzSXjSTcjcCeIXRcLhqbKbGMc2wDRO8CxlYsWVvVRvdTZBljJB6eHluo1MAyDLWTeAsWJAHXy5giGtG8xwt47oN2WtcdrePCLWlYsTgRGTsgHu77wPtvsq52uyYd0M6m3H8krFivP6Sl4zIKrG6mOc0i9pg+Xml1PMMdSJ+F42vb6LFi29Zr9Ob1P6X5h2gxhfPs2joA4z5rbg8wx5nSxtwZIa6WyOcr1YlPHk75df9Ney3ZqqXa6skjnxK6pl+DAa0RwCxYo3OI70ScGIsAs91WLFmbPdtr7mPBY7Dbx0F4WLEyeNw/kouor1YgB6mG6qLcN+eCxYmHhoRsFA4c3XixMNTcKTuB0jl1lD1MBvzExO35CxYlA1Oy/e29ufgRKGq5JTkO032O/4N1ixVLSeDI23EW+ccrof/QqYiG24iPTxWLE+0BcXkjt22vcJzhtTWAECwWLEdD//2Q==');

-- --------------------------------------------------------

--
-- Estructura de tabla para la tabla `pma__tracking`
--

CREATE TABLE `pma__tracking` (
  `db_name` varchar(64) COLLATE utf8_bin NOT NULL,
  `table_name` varchar(64) COLLATE utf8_bin NOT NULL,
  `version` int(10) UNSIGNED NOT NULL,
  `date_created` datetime NOT NULL,
  `date_updated` datetime NOT NULL,
  `schema_snapshot` text COLLATE utf8_bin NOT NULL,
  `schema_sql` text COLLATE utf8_bin DEFAULT NULL,
  `data_sql` longtext COLLATE utf8_bin DEFAULT NULL,
  `tracking` set('UPDATE','REPLACE','INSERT','DELETE','TRUNCATE','CREATE DATABASE','ALTER DATABASE','DROP DATABASE','CREATE TABLE','ALTER TABLE','RENAME TABLE','DROP TABLE','CREATE INDEX','DROP INDEX','CREATE VIEW','ALTER VIEW','DROP VIEW') COLLATE utf8_bin DEFAULT NULL,
  `tracking_active` int(1) UNSIGNED NOT NULL DEFAULT 1
) ENGINE=InnoDB DEFAULT CHARSET=utf8 COLLATE=utf8_bin COMMENT='Database changes tracking for phpMyAdmin';

-- --------------------------------------------------------

--
-- Estructura de tabla para la tabla `usuario`
--

CREATE TABLE `usuario` (
  `idUsuario` bigint(20) UNSIGNED NOT NULL,
  `email` varchar(100) NOT NULL,
  `password` varchar(100) NOT NULL,
  `tipoUsuario` varchar(100) NOT NULL,
  `tipoDocumento` varchar(100) NOT NULL,
  `nombre` varchar(100) NOT NULL,
  `numeroDocumento` varchar(100) NOT NULL,
  `celular` varchar(100) NOT NULL,
  `fechaNacimiento` date NOT NULL
) ENGINE=InnoDB DEFAULT CHARSET=utf8mb4;

--
-- Volcado de datos para la tabla `usuario`
--

INSERT INTO `usuario` (`idUsuario`, `email`, `password`, `tipoUsuario`, `tipoDocumento`, `nombre`, `numeroDocumento`, `celular`, `fechaNacimiento`) VALUES
(1, 'veterinario@hotmail.com', '295ef576582059f503b55936450828f7', '2', 'cc', 'Mafe', '123', '315533', '0000-00-00'),
(2, 'veterinario', 'fd764018f53e43fa1c201e2f48b35f3f', '2', 'cedula', 'Nathalia', '123455', '2323', '2000-04-21'),
(3, 'elianaarenasm@gmail.com', '2b65807fd407d6749a3910d279024041', '1', 'cedula', 'Eliana', '557888644', '422578889', '2020-07-17'),
(4, 'cliente@gmail.com', '295ef576582059f503b55936450828f7', '1', 'cc', 'Mafe', '1234', '315533', '0000-00-00'),
(5, 'juan@gmail.com', '2b65807fd407d6749a3910d279024041', '1', 'cedula', 'Juan', '557888644', '422578889', '2020-07-17');

-- --------------------------------------------------------

--
-- Estructura de tabla para la tabla `veterinario`
--

CREATE TABLE `veterinario` (
  `idVeterinario` bigint(20) UNSIGNED NOT NULL,
  `FK_idUsuario` bigint(20) UNSIGNED NOT NULL,
  `grupoSanguineo` varchar(100) NOT NULL,
  `seguroSocial` varchar(100) NOT NULL,
  `fechaIngreso` date NOT NULL,
  `salario` varchar(100) NOT NULL
) ENGINE=InnoDB DEFAULT CHARSET=utf8mb4;

--
-- Volcado de datos para la tabla `veterinario`
--

INSERT INTO `veterinario` (`idVeterinario`, `FK_idUsuario`, `grupoSanguineo`, `seguroSocial`, `fechaIngreso`, `salario`) VALUES
(1, 2, 'o+', 'famisanar', '2018-04-20', '3000000'),
(2, 1, 'a+', 'sanitas', '2019-12-17', '2000000');

--
-- Índices para tablas volcadas
--

--
-- Indices de la tabla `agenda`
--
ALTER TABLE `agenda`
  ADD PRIMARY KEY (`idAgenda`);

--
-- Indices de la tabla `agendaveterinario`
--
ALTER TABLE `agendaveterinario`
  ADD PRIMARY KEY (`idAgendaVeterinario`),
  ADD KEY `idVeterinario` (`idVeterinario`),
  ADD KEY `idAgenda` (`idAgenda`);

--
-- Indices de la tabla `cita`
--
ALTER TABLE `cita`
  ADD PRIMARY KEY (`idCita`),
  ADD KEY `idMascota` (`idMascota`),
  ADD KEY `idHistorial` (`idHistorial`),
  ADD KEY `idAgendaVeterinario` (`idAgendaVeterinario`);

--
-- Indices de la tabla `cliente`
--
ALTER TABLE `cliente`
  ADD PRIMARY KEY (`idCliente`),
  ADD KEY `FK_idUsuario` (`FK_idUsuario`);

--
-- Indices de la tabla `direccion`
--
ALTER TABLE `direccion`
  ADD PRIMARY KEY (`codigoPostal`),
  ADD KEY `FK_idUsuario` (`FK_idUsuario`);

--
-- Indices de la tabla `historialclinico`
--
ALTER TABLE `historialclinico`
  ADD PRIMARY KEY (`idHistorial`);

--
-- Indices de la tabla `mascota`
--
ALTER TABLE `mascota`
  ADD PRIMARY KEY (`idMascota`),
  ADD KEY `FK_idCliente` (`FK_idCliente`);

--
-- Indices de la tabla `pma__tracking`
--
ALTER TABLE `pma__tracking`
  ADD PRIMARY KEY (`db_name`,`table_name`,`version`);

--
-- Indices de la tabla `usuario`
--
ALTER TABLE `usuario`
  ADD PRIMARY KEY (`idUsuario`);

--
-- Indices de la tabla `veterinario`
--
ALTER TABLE `veterinario`
  ADD PRIMARY KEY (`idVeterinario`),
  ADD KEY `FK_idUsuario` (`FK_idUsuario`);

--
-- AUTO_INCREMENT de las tablas volcadas
--

--
-- AUTO_INCREMENT de la tabla `agenda`
--
ALTER TABLE `agenda`
  MODIFY `idAgenda` bigint(20) UNSIGNED NOT NULL AUTO_INCREMENT, AUTO_INCREMENT=29;

--
-- AUTO_INCREMENT de la tabla `agendaveterinario`
--
ALTER TABLE `agendaveterinario`
  MODIFY `idAgendaVeterinario` bigint(20) UNSIGNED NOT NULL AUTO_INCREMENT, AUTO_INCREMENT=31;

--
-- AUTO_INCREMENT de la tabla `cita`
--
ALTER TABLE `cita`
  MODIFY `idCita` bigint(20) UNSIGNED NOT NULL AUTO_INCREMENT, AUTO_INCREMENT=16;

--
-- AUTO_INCREMENT de la tabla `cliente`
--
ALTER TABLE `cliente`
  MODIFY `idCliente` bigint(20) UNSIGNED NOT NULL AUTO_INCREMENT, AUTO_INCREMENT=3;

--
-- AUTO_INCREMENT de la tabla `historialclinico`
--
ALTER TABLE `historialclinico`
  MODIFY `idHistorial` bigint(20) UNSIGNED NOT NULL AUTO_INCREMENT, AUTO_INCREMENT=27;

--
-- AUTO_INCREMENT de la tabla `mascota`
--
ALTER TABLE `mascota`
  MODIFY `idMascota` bigint(20) UNSIGNED NOT NULL AUTO_INCREMENT, AUTO_INCREMENT=26;

--
-- AUTO_INCREMENT de la tabla `usuario`
--
ALTER TABLE `usuario`
  MODIFY `idUsuario` bigint(20) UNSIGNED NOT NULL AUTO_INCREMENT, AUTO_INCREMENT=6;

--
-- AUTO_INCREMENT de la tabla `veterinario`
--
ALTER TABLE `veterinario`
  MODIFY `idVeterinario` bigint(20) UNSIGNED NOT NULL AUTO_INCREMENT, AUTO_INCREMENT=3;

--
-- Restricciones para tablas volcadas
--

--
-- Filtros para la tabla `agendaveterinario`
--
ALTER TABLE `agendaveterinario`
  ADD CONSTRAINT `agendaveterinario_ibfk_1` FOREIGN KEY (`idVeterinario`) REFERENCES `veterinario` (`idVeterinario`),
  ADD CONSTRAINT `agendaveterinario_ibfk_2` FOREIGN KEY (`idAgenda`) REFERENCES `agenda` (`idAgenda`);

--
-- Filtros para la tabla `cita`
--
ALTER TABLE `cita`
  ADD CONSTRAINT `cita_ibfk_1` FOREIGN KEY (`idMascota`) REFERENCES `mascota` (`idMascota`),
  ADD CONSTRAINT `cita_ibfk_2` FOREIGN KEY (`idHistorial`) REFERENCES `historialclinico` (`idHistorial`),
  ADD CONSTRAINT `cita_ibfk_3` FOREIGN KEY (`idAgendaVeterinario`) REFERENCES `agendaveterinario` (`idAgendaVeterinario`);

--
-- Filtros para la tabla `cliente`
--
ALTER TABLE `cliente`
  ADD CONSTRAINT `cliente_ibfk_1` FOREIGN KEY (`FK_idUsuario`) REFERENCES `usuario` (`idUsuario`);

--
-- Filtros para la tabla `direccion`
--
ALTER TABLE `direccion`
  ADD CONSTRAINT `direccion_ibfk_1` FOREIGN KEY (`FK_idUsuario`) REFERENCES `usuario` (`idUsuario`);

--
-- Filtros para la tabla `mascota`
--
ALTER TABLE `mascota`
  ADD CONSTRAINT `mascota_ibfk_1` FOREIGN KEY (`FK_idCliente`) REFERENCES `cliente` (`idCliente`);

--
-- Filtros para la tabla `veterinario`
--
ALTER TABLE `veterinario`
  ADD CONSTRAINT `veterinario_ibfk_1` FOREIGN KEY (`FK_idUsuario`) REFERENCES `usuario` (`idUsuario`);
COMMIT;

/*!40101 SET CHARACTER_SET_CLIENT=@OLD_CHARACTER_SET_CLIENT */;
/*!40101 SET CHARACTER_SET_RESULTS=@OLD_CHARACTER_SET_RESULTS */;
/*!40101 SET COLLATION_CONNECTION=@OLD_COLLATION_CONNECTION */;
